/* Auto-generated by scripts/gen_demo_image.py — DO NOT EDIT BY HAND. */
/* 64x64 ARGB8888 radial-gradient sprite for M2c IMAGE demo. */
#include "lvgl.h"

static const uint8_t demo_sprite_data[] = {
    0xA7, 0xE6, 0x00, 0x00, 0xA2, 0xE3, 0x03, 0x0D, 0x9D, 0xE1, 0x07, 0x16, 0x98, 0xDF, 0x0B, 0x1D,
    0x94, 0xDC, 0x0F, 0x24, 0x90, 0xDA, 0x13, 0x29, 0x8C, 0xD8, 0x16, 0x2F, 0x89, 0xD6, 0x1A, 0x34,
    0x87, 0xD4, 0x1E, 0x39, 0x84, 0xD2, 0x21, 0x3D, 0x83, 0xD0, 0x24, 0x41, 0x82, 0xCE, 0x27, 0x45,
    0x82, 0xCC, 0x2A, 0x49, 0x82, 0xCB, 0x2C, 0x4C, 0x83, 0xC9, 0x2E, 0x50, 0x84, 0xC7, 0x2F, 0x53,
    0x86, 0xC6, 0x30, 0x56, 0x88, 0xC4, 0x30, 0x58, 0x8B, 0xC3, 0x30, 0x5B, 0x8F, 0xC2, 0x30, 0x5D,
    0x92, 0xC0, 0x2F, 0x5F, 0x96, 0xBF, 0x2E, 0x61, 0x9A, 0xBE, 0x2C, 0x63, 0x9E, 0xBD, 0x2A, 0x65,
    0xA2, 0xBD, 0x28, 0x66, 0xA6, 0xBC, 0x26, 0x68, 0xAA, 0xBB, 0x24, 0x69, 0xAD, 0xBB, 0x22, 0x6A,
    0xB0, 0xBA, 0x20, 0x6A, 0xB2, 0xBA, 0x1F, 0x6B, 0xB3, 0xBA, 0x1E, 0x6B, 0xB4, 0xBA, 0x1D, 0x6B,
    0xB4, 0xBA, 0x1D, 0x6B, 0xB3, 0xBA, 0x1E, 0x6B, 0xB2, 0xBA, 0x1F, 0x6B, 0xB0, 0xBA, 0x20, 0x6A,
    0xAD, 0xBB, 0x22, 0x6A, 0xAA, 0xBB, 0x24, 0x69, 0xA6, 0xBC, 0x26, 0x68, 0xA2, 0xBD, 0x28, 0x66,
    0x9E, 0xBD, 0x2A, 0x65, 0x9A, 0xBE, 0x2C, 0x63, 0x96, 0xBF, 0x2E, 0x61, 0x92, 0xC0, 0x2F, 0x5F,
    0x8F, 0xC2, 0x30, 0x5D, 0x8B, 0xC3, 0x30, 0x5B, 0x88, 0xC4, 0x30, 0x58, 0x86, 0xC6, 0x30, 0x56,
    0x84, 0xC7, 0x2F, 0x53, 0x83, 0xC9, 0x2E, 0x50, 0x82, 0xCB, 0x2C, 0x4C, 0x82, 0xCC, 0x2A, 0x49,
    0x82, 0xCE, 0x27, 0x45, 0x83, 0xD0, 0x24, 0x41, 0x84, 0xD2, 0x21, 0x3D, 0x87, 0xD4, 0x1E, 0x39,
    0x89, 0xD6, 0x1A, 0x34, 0x8C, 0xD8, 0x16, 0x2F, 0x90, 0xDA, 0x13, 0x29, 0x94, 0xDC, 0x0F, 0x24,
    0x98, 0xDF, 0x0B, 0x1D, 0x9D, 0xE1, 0x07, 0x16, 0xA2, 0xE3, 0x03, 0x0D, 0xA7, 0xE6, 0x00, 0x00,
    0xA8, 0xE3, 0x03, 0x0D, 0xA2, 0xE1, 0x07, 0x16, 0x9D, 0xDE, 0x0B, 0x1E, 0x98, 0xDC, 0x0F, 0x24,
    0x93, 0xDA, 0x13, 0x2A, 0x8F, 0xD8, 0x17, 0x30, 0x8B, 0xD5, 0x1A, 0x35, 0x87, 0xD3, 0x1E, 0x3A,
    0x84, 0xD1, 0x22, 0x3E, 0x82, 0xCF, 0x26, 0x43, 0x80, 0xCD, 0x29, 0x47, 0x7E, 0xCB, 0x2C, 0x4B,
    0x7E, 0xC9, 0x2F, 0x4E, 0x7D, 0xC8, 0x31, 0x52, 0x7E, 0xC6, 0x33, 0x55, 0x7F, 0xC4, 0x34, 0x58,
    0x81, 0xC3, 0x35, 0x5B, 0x83, 0xC1, 0x36, 0x5E, 0x86, 0xC0, 0x36, 0x60, 0x89, 0xBE, 0x35, 0x63,
    0x8C, 0xBD, 0x34, 0x65, 0x90, 0xBC, 0x33, 0x67, 0x94, 0xBB, 0x31, 0x69, 0x98, 0xBA, 0x2E, 0x6B,
    0x9C, 0xB9, 0x2C, 0x6C, 0xA0, 0xB9, 0x2A, 0x6D, 0xA4, 0xB8, 0x27, 0x6E, 0xA7, 0xB7, 0x25, 0x6F,
    0xAA, 0xB7, 0x23, 0x70, 0xAC, 0xB7, 0x21, 0x71, 0xAD, 0xB6, 0x20, 0x71, 0xAE, 0xB6, 0x20, 0x71,
    0xAE, 0xB6, 0x20, 0x71, 0xAD, 0xB6, 0x20, 0x71, 0xAC, 0xB7, 0x21, 0x71, 0xAA, 0xB7, 0x23, 0x70,
    0xA7, 0xB7, 0x25, 0x6F, 0xA4, 0xB8, 0x27, 0x6E, 0xA0, 0xB9, 0x2A, 0x6D, 0x9C, 0xB9, 0x2C, 0x6C,
    0x98, 0xBA, 0x2E, 0x6B, 0x94, 0xBB, 0x31, 0x69, 0x90, 0xBC, 0x33, 0x67, 0x8C, 0xBD, 0x34, 0x65,
    0x89, 0xBE, 0x35, 0x63, 0x86, 0xC0, 0x36, 0x60, 0x83, 0xC1, 0x36, 0x5E, 0x81, 0xC3, 0x35, 0x5B,
    0x7F, 0xC4, 0x34, 0x58, 0x7E, 0xC6, 0x33, 0x55, 0x7D, 0xC8, 0x31, 0x52, 0x7E, 0xC9, 0x2F, 0x4E,
    0x7E, 0xCB, 0x2C, 0x4B, 0x80, 0xCD, 0x29, 0x47, 0x82, 0xCF, 0x26, 0x43, 0x84, 0xD1, 0x22, 0x3E,
    0x87, 0xD3, 0x1E, 0x3A, 0x8B, 0xD5, 0x1A, 0x35, 0x8F, 0xD8, 0x17, 0x30, 0x93, 0xDA, 0x13, 0x2A,
    0x98, 0xDC, 0x0F, 0x24, 0x9D, 0xDE, 0x0B, 0x1E, 0xA2, 0xE1, 0x07, 0x16, 0xA8, 0xE3, 0x03, 0x0D,
    0xA8, 0xE1, 0x06, 0x16, 0xA2, 0xDE, 0x0A, 0x1E, 0x9D, 0xDC, 0x0E, 0x25, 0x97, 0xDA, 0x12, 0x2B,
    0x92, 0xD7, 0x16, 0x30, 0x8E, 0xD5, 0x1A, 0x36, 0x89, 0xD3, 0x1E, 0x3B, 0x85, 0xD1, 0x22, 0x40,
    0x82, 0xCE, 0x26, 0x44, 0x7F, 0xCC, 0x2A, 0x48, 0x7D, 0xCA, 0x2E, 0x4C, 0x7B, 0xC8, 0x31, 0x50,
    0x7A, 0xC7, 0x34, 0x54, 0x79, 0xC5, 0x36, 0x57, 0x79, 0xC3, 0x38, 0x5B, 0x7A, 0xC1, 0x3A, 0x5E,
    0x7B, 0xC0, 0x3B, 0x61, 0x7D, 0xBE, 0x3B, 0x63, 0x80, 0xBD, 0x3B, 0x66, 0x83, 0xBB, 0x3B, 0x68,
    0x86, 0xBA, 0x39, 0x6B, 0x8A, 0xB9, 0x38, 0x6D, 0x8E, 0xB8, 0x36, 0x6E, 0x92, 0xB7, 0x33, 0x70,
    0x96, 0xB6, 0x30, 0x72, 0x9A, 0xB5, 0x2D, 0x73, 0x9E, 0xB5, 0x2B, 0x74, 0xA1, 0xB4, 0x28, 0x75,
    0xA4, 0xB4, 0x26, 0x76, 0xA6, 0xB3, 0x24, 0x76, 0xA7, 0xB3, 0x23, 0x77, 0xA8, 0xB3, 0x22, 0x77,
    0xA8, 0xB3, 0x22, 0x77, 0xA7, 0xB3, 0x23, 0x77, 0xA6, 0xB3, 0x24, 0x76, 0xA4, 0xB4, 0x26, 0x76,
    0xA1, 0xB4, 0x28, 0x75, 0x9E, 0xB5, 0x2B, 0x74, 0x9A, 0xB5, 0x2D, 0x73, 0x96, 0xB6, 0x30, 0x72,
    0x92, 0xB7, 0x33, 0x70, 0x8E, 0xB8, 0x36, 0x6E, 0x8A, 0xB9, 0x38, 0x6D, 0x86, 0xBA, 0x39, 0x6B,
    0x83, 0xBB, 0x3B, 0x68, 0x80, 0xBD, 0x3B, 0x66, 0x7D, 0xBE, 0x3B, 0x63, 0x7B, 0xC0, 0x3B, 0x61,
    0x7A, 0xC1, 0x3A, 0x5E, 0x79, 0xC3, 0x38, 0x5B, 0x79, 0xC5, 0x36, 0x57, 0x7A, 0xC7, 0x34, 0x54,
    0x7B, 0xC8, 0x31, 0x50, 0x7D, 0xCA, 0x2E, 0x4C, 0x7F, 0xCC, 0x2A, 0x48, 0x82, 0xCE, 0x26, 0x44,
    0x85, 0xD1, 0x22, 0x40, 0x89, 0xD3, 0x1E, 0x3B, 0x8E, 0xD5, 0x1A, 0x36, 0x92, 0xD7, 0x16, 0x30,
    0x97, 0xDA, 0x12, 0x2B, 0x9D, 0xDC, 0x0E, 0x25, 0xA2, 0xDE, 0x0A, 0x1E, 0xA8, 0xE1, 0x06, 0x16,
    0xA9, 0xDF, 0x0A, 0x1D, 0xA3, 0xDC, 0x0E, 0x24, 0x9D, 0xDA, 0x12, 0x2B, 0x97, 0xD7, 0x16, 0x31,
    0x92, 0xD5, 0x1A, 0x36, 0x8D, 0xD3, 0x1E, 0x3B, 0x88, 0xD0, 0x22, 0x40, 0x84, 0xCE, 0x26, 0x45,
    0x80, 0xCC, 0x2A, 0x4A, 0x7D, 0xCA, 0x2E, 0x4E, 0x7A, 0xC8, 0x32, 0x52, 0x78, 0xC6, 0x36, 0x56,
    0x76, 0xC4, 0x39, 0x59, 0x76, 0xC2, 0x3B, 0x5D, 0x75, 0xC0, 0x3E, 0x60, 0x76, 0xBE, 0x3F, 0x63,
    0x77, 0xBD, 0x41, 0x66, 0x78, 0xBB, 0x41, 0x69, 0x7A, 0xBA, 0x41, 0x6B, 0x7D, 0xB8, 0x40, 0x6E,
    0x80, 0xB7, 0x3F, 0x70, 0x84, 0xB6, 0x3D, 0x72, 0x88, 0xB5, 0x3B, 0x74, 0x8C, 0xB4, 0x38, 0x75,
    0x90, 0xB3, 0x35, 0x77, 0x94, 0xB2, 0x31, 0x78, 0x98, 0xB1, 0x2E, 0x79, 0x9B, 0xB1, 0x2B, 0x7A,
    0x9E, 0xB0, 0x29, 0x7B, 0xA0, 0xB0, 0x27, 0x7C, 0xA2, 0xB0, 0x25, 0x7C, 0xA3, 0xAF, 0x24, 0x7C,
    0xA3, 0xAF, 0x24, 0x7C, 0xA2, 0xB0, 0x25, 0x7C, 0xA0, 0xB0, 0x27, 0x7C, 0x9E, 0xB0, 0x29, 0x7B,
    0x9B, 0xB1, 0x2B, 0x7A, 0x98, 0xB1, 0x2E, 0x79, 0x94, 0xB2, 0x31, 0x78, 0x90, 0xB3, 0x35, 0x77,
    0x8C, 0xB4, 0x38, 0x75, 0x88, 0xB5, 0x3B, 0x74, 0x84, 0xB6, 0x3D, 0x72, 0x80, 0xB7, 0x3F, 0x70,
    0x7D, 0xB8, 0x40, 0x6E, 0x7A, 0xBA, 0x41, 0x6B, 0x78, 0xBB, 0x41, 0x69, 0x77, 0xBD, 0x41, 0x66,
    0x76, 0xBE, 0x3F, 0x63, 0x75, 0xC0, 0x3E, 0x60, 0x76, 0xC2, 0x3B, 0x5D, 0x76, 0xC4, 0x39, 0x59,
    0x78, 0xC6, 0x36, 0x56, 0x7A, 0xC8, 0x32, 0x52, 0x7D, 0xCA, 0x2E, 0x4E, 0x80, 0xCC, 0x2A, 0x4A,
    0x84, 0xCE, 0x26, 0x45, 0x88, 0xD0, 0x22, 0x40, 0x8D, 0xD3, 0x1E, 0x3B, 0x92, 0xD5, 0x1A, 0x36,
    0x97, 0xD7, 0x16, 0x31, 0x9D, 0xDA, 0x12, 0x2B, 0xA3, 0xDC, 0x0E, 0x24, 0xA9, 0xDF, 0x0A, 0x1D,
    0xAA, 0xDC, 0x0C, 0x24, 0xA4, 0xDA, 0x10, 0x2A, 0x9E, 0xD7, 0x15, 0x30, 0x98, 0xD5, 0x19, 0x36,
    0x92, 0xD2, 0x1D, 0x3C, 0x8D, 0xD0, 0x21, 0x41, 0x88, 0xCE, 0x26, 0x46, 0x83, 0xCC, 0x2A, 0x4A,
    0x7F, 0xC9, 0x2E, 0x4F, 0x7B, 0xC7, 0x32, 0x53, 0x78, 0xC5, 0x36, 0x57, 0x75, 0xC3, 0x3A, 0x5B,
    0x73, 0xC1, 0x3D, 0x5E, 0x72, 0xBF, 0x40, 0x62, 0x71, 0xBD, 0x43, 0x65, 0x71, 0xBB, 0x45, 0x68,
    0x72, 0xBA, 0x46, 0x6B, 0x73, 0xB8, 0x47, 0x6E, 0x75, 0xB7, 0x47, 0x70, 0x77, 0xB5, 0x46, 0x73,
    0x7A, 0xB4, 0x45, 0x75, 0x7E, 0xB3, 0x43, 0x77, 0x82, 0xB1, 0x40, 0x79, 0x86, 0xB0, 0x3D, 0x7B,
    0x8A, 0xAF, 0x39, 0x7C, 0x8E, 0xAF, 0x36, 0x7E, 0x92, 0xAE, 0x32, 0x7F, 0x95, 0xAD, 0x2F, 0x80,
    0x98, 0xAD, 0x2C, 0x80, 0x9A, 0xAC, 0x29, 0x81, 0x9C, 0xAC, 0x28, 0x81, 0x9D, 0xAC, 0x27, 0x82,
    0x9D, 0xAC, 0x27, 0x82, 0x9C, 0xAC, 0x28, 0x81, 0x9A, 0xAC, 0x29, 0x81, 0x98, 0xAD, 0x2C, 0x80,
    0x95, 0xAD, 0x2F, 0x80, 0x92, 0xAE, 0x32, 0x7F, 0x8E, 0xAF, 0x36, 0x7E, 0x8A, 0xAF, 0x39, 0x7C,
    0x86, 0xB0, 0x3D, 0x7B, 0x82, 0xB1, 0x40, 0x79, 0x7E, 0xB3, 0x43, 0x77, 0x7A, 0xB4, 0x45, 0x75,
    0x77, 0xB5, 0x46, 0x73, 0x75, 0xB7, 0x47, 0x70, 0x73, 0xB8, 0x47, 0x6E, 0x72, 0xBA, 0x46, 0x6B,
    0x71, 0xBB, 0x45, 0x68, 0x71, 0xBD, 0x43, 0x65, 0x72, 0xBF, 0x40, 0x62, 0x73, 0xC1, 0x3D, 0x5E,
    0x75, 0xC3, 0x3A, 0x5B, 0x78, 0xC5, 0x36, 0x57, 0x7B, 0xC7, 0x32, 0x53, 0x7F, 0xC9, 0x2E, 0x4F,
    0x83, 0xCC, 0x2A, 0x4A, 0x88, 0xCE, 0x26, 0x46, 0x8D, 0xD0, 0x21, 0x41, 0x92, 0xD2, 0x1D, 0x3C,
    0x98, 0xD5, 0x19, 0x36, 0x9E, 0xD7, 0x15, 0x30, 0xA4, 0xDA, 0x10, 0x2A, 0xAA, 0xDC, 0x0C, 0x24,
    0xAC, 0xDA, 0x0F, 0x29, 0xA5, 0xD8, 0x13, 0x30, 0x9F, 0xD5, 0x17, 0x36, 0x98, 0xD3, 0x1C, 0x3B,
    0x92, 0xD0, 0x20, 0x41, 0x8D, 0xCE, 0x24, 0x46, 0x87, 0xCB, 0x29, 0x4B, 0x82, 0xC9, 0x2D, 0x4F,
    0x7E, 0xC7, 0x32, 0x54, 0x7A, 0xC5, 0x36, 0x58, 0x76, 0xC2, 0x3B, 0x5C, 0x73, 0xC0, 0x3F, 0x60,
    0x71, 0xBE, 0x42, 0x63, 0x6F, 0xBC, 0x45, 0x67, 0x6D, 0xBA, 0x48, 0x6A, 0x6D, 0xB9, 0x4A, 0x6D,
    0x6D, 0xB7, 0x4C, 0x70, 0x6E, 0xB5, 0x4D, 0x73, 0x70, 0xB4, 0x4D, 0x75, 0x72, 0xB2, 0x4C, 0x78,
    0x75, 0xB1, 0x4B, 0x7A, 0x78, 0xAF, 0x48, 0x7C, 0x7C, 0xAE, 0x45, 0x7E, 0x80, 0xAD, 0x42, 0x80,
    0x84, 0xAC, 0x3E, 0x81, 0x88, 0xAB, 0x3A, 0x83, 0x8C, 0xAB, 0x36, 0x84, 0x8F, 0xAA, 0x32, 0x85,
    0x92, 0xAA, 0x2F, 0x86, 0x95, 0xA9, 0x2C, 0x86, 0x96, 0xA9, 0x2A, 0x87, 0x97, 0xA9, 0x29, 0x87,
    0x97, 0xA9, 0x29, 0x87, 0x96, 0xA9, 0x2A, 0x87, 0x95, 0xA9, 0x2C, 0x86, 0x92, 0xAA, 0x2F, 0x86,
    0x8F, 0xAA, 0x32, 0x85, 0x8C, 0xAB, 0x36, 0x84, 0x88, 0xAB, 0x3A, 0x83, 0x84, 0xAC, 0x3E, 0x81,
    0x80, 0xAD, 0x42, 0x80, 0x7C, 0xAE, 0x45, 0x7E, 0x78, 0xAF, 0x48, 0x7C, 0x75, 0xB1, 0x4B, 0x7A,
    0x72, 0xB2, 0x4C, 0x78, 0x70, 0xB4, 0x4D, 0x75, 0x6E, 0xB5, 0x4D, 0x73, 0x6D, 0xB7, 0x4C, 0x70,
    0x6D, 0xB9, 0x4A, 0x6D, 0x6D, 0xBA, 0x48, 0x6A, 0x6F, 0xBC, 0x45, 0x67, 0x71, 0xBE, 0x42, 0x63,
    0x73, 0xC0, 0x3F, 0x60, 0x76, 0xC2, 0x3B, 0x5C, 0x7A, 0xC5, 0x36, 0x58, 0x7E, 0xC7, 0x32, 0x54,
    0x82, 0xC9, 0x2D, 0x4F, 0x87, 0xCB, 0x29, 0x4B, 0x8D, 0xCE, 0x24, 0x46, 0x92, 0xD0, 0x20, 0x41,
    0x98, 0xD3, 0x1C, 0x3B, 0x9F, 0xD5, 0x17, 0x36, 0xA5, 0xD8, 0x13, 0x30, 0xAC, 0xDA, 0x0F, 0x29,
    0xAD, 0xD8, 0x11, 0x2F, 0xA6, 0xD5, 0x15, 0x35, 0xA0, 0xD3, 0x1A, 0x3B, 0x99, 0xD0, 0x1E, 0x40,
    0x93, 0xCE, 0x23, 0x46, 0x8D, 0xCB, 0x27, 0x4B, 0x87, 0xC9, 0x2C, 0x4F, 0x82, 0xC7, 0x31, 0x54,
    0x7D, 0xC4, 0x35, 0x58, 0x79, 0xC2, 0x3A, 0x5C, 0x75, 0xC0, 0x3E, 0x60, 0x71, 0xBE, 0x43, 0x64,
    0x6E, 0xBC, 0x47, 0x68, 0x6C, 0xBA, 0x4A, 0x6B, 0x6A, 0xB8, 0x4D, 0x6F, 0x69, 0xB6, 0x50, 0x72,
    0x69, 0xB4, 0x52, 0x75, 0x69, 0xB2, 0x53, 0x78, 0x6B, 0xB1, 0x53, 0x7A, 0x6C, 0xAF, 0x52, 0x7D,
    0x6F, 0xAE, 0x51, 0x7F, 0x72, 0xAC, 0x4E, 0x81, 0x76, 0xAB, 0x4B, 0x83, 0x79, 0xAA, 0x47, 0x85,
    0x7D, 0xA9, 0x43, 0x87, 0x82, 0xA8, 0x3F, 0x88, 0x86, 0xA7, 0x3A, 0x89, 0x89, 0xA7, 0x36, 0x8A,
    0x8C, 0xA6, 0x32, 0x8B, 0x8F, 0xA6, 0x2F, 0x8C, 0x90, 0xA6, 0x2C, 0x8C, 0x91, 0xA5, 0x2B, 0x8C,
    0x91, 0xA5, 0x2B, 0x8C, 0x90, 0xA6, 0x2C, 0x8C, 0x8F, 0xA6, 0x2F, 0x8C, 0x8C, 0xA6, 0x32, 0x8B,
    0x89, 0xA7, 0x36, 0x8A, 0x86, 0xA7, 0x3A, 0x89, 0x82, 0xA8, 0x3F, 0x88, 0x7D, 0xA9, 0x43, 0x87,
    0x79, 0xAA, 0x47, 0x85, 0x76, 0xAB, 0x4B, 0x83, 0x72, 0xAC, 0x4E, 0x81, 0x6F, 0xAE, 0x51, 0x7F,
    0x6C, 0xAF, 0x52, 0x7D, 0x6B, 0xB1, 0x53, 0x7A, 0x69, 0xB2, 0x53, 0x78, 0x69, 0xB4, 0x52, 0x75,
    0x69, 0xB6, 0x50, 0x72, 0x6A, 0xB8, 0x4D, 0x6F, 0x6C, 0xBA, 0x4A, 0x6B, 0x6E, 0xBC, 0x47, 0x68,
    0x71, 0xBE, 0x43, 0x64, 0x75, 0xC0, 0x3E, 0x60, 0x79, 0xC2, 0x3A, 0x5C, 0x7D, 0xC4, 0x35, 0x58,
    0x82, 0xC7, 0x31, 0x54, 0x87, 0xC9, 0x2C, 0x4F, 0x8D, 0xCB, 0x27, 0x4B, 0x93, 0xCE, 0x23, 0x46,
    0x99, 0xD0, 0x1E, 0x40, 0xA0, 0xD3, 0x1A, 0x3B, 0xA6, 0xD5, 0x15, 0x35, 0xAD, 0xD8, 0x11, 0x2F,
    0xAF, 0xD6, 0x13, 0x34, 0xA8, 0xD3, 0x17, 0x3A, 0xA1, 0xD1, 0x1C, 0x40, 0x9B, 0xCE, 0x20, 0x45,
    0x94, 0xCC, 0x25, 0x4A, 0x8E, 0xC9, 0x29, 0x4F, 0x88, 0xC7, 0x2E, 0x54, 0x82, 0xC4, 0x33, 0x58,
    0x7D, 0xC2, 0x38, 0x5D, 0x78, 0xC0, 0x3D, 0x61, 0x73, 0xBD, 0x42, 0x65, 0x6F, 0xBB, 0x46, 0x69,
    0x6C, 0xB9, 0x4B, 0x6D, 0x69, 0xB7, 0x4F, 0x70, 0x67, 0xB5, 0x52, 0x73, 0x65, 0xB3, 0x55, 0x77,
    0x65, 0xB1, 0x57, 0x7A, 0x65, 0xAF, 0x59, 0x7C, 0x66, 0xAE, 0x59, 0x7F, 0x67, 0xAC, 0x59, 0x82,
    0x69, 0xAB, 0x57, 0x84, 0x6C, 0xA9, 0x55, 0x86, 0x70, 0xA8, 0x51, 0x88, 0x73, 0xA7, 0x4D, 0x8A,
    0x77, 0xA6, 0x49, 0x8C, 0x7B, 0xA5, 0x44, 0x8D, 0x7F, 0xA4, 0x3E, 0x8E, 0x83, 0xA3, 0x39, 0x8F,
    0x86, 0xA3, 0x35, 0x90, 0x89, 0xA2, 0x31, 0x91, 0x8B, 0xA2, 0x2F, 0x91, 0x8C, 0xA2, 0x2E, 0x91,
    0x8C, 0xA2, 0x2E, 0x91, 0x8B, 0xA2, 0x2F, 0x91, 0x89, 0xA2, 0x31, 0x91, 0x86, 0xA3, 0x35, 0x90,
    0x83, 0xA3, 0x39, 0x8F, 0x7F, 0xA4, 0x3E, 0x8E, 0x7B, 0xA5, 0x44, 0x8D, 0x77, 0xA6, 0x49, 0x8C,
    0x73, 0xA7, 0x4D, 0x8A, 0x70, 0xA8, 0x51, 0x88, 0x6C, 0xA9, 0x55, 0x86, 0x69, 0xAB, 0x57, 0x84,
    0x67, 0xAC, 0x59, 0x82, 0x66, 0xAE, 0x59, 0x7F, 0x65, 0xAF, 0x59, 0x7C, 0x65, 0xB1, 0x57, 0x7A,
    0x65, 0xB3, 0x55, 0x77, 0x67, 0xB5, 0x52, 0x73, 0x69, 0xB7, 0x4F, 0x70, 0x6C, 0xB9, 0x4B, 0x6D,
    0x6F, 0xBB, 0x46, 0x69, 0x73, 0xBD, 0x42, 0x65, 0x78, 0xC0, 0x3D, 0x61, 0x7D, 0xC2, 0x38, 0x5D,
    0x82, 0xC4, 0x33, 0x58, 0x88, 0xC7, 0x2E, 0x54, 0x8E, 0xC9, 0x29, 0x4F, 0x94, 0xCC, 0x25, 0x4A,
    0x9B, 0xCE, 0x20, 0x45, 0xA1, 0xD1, 0x1C, 0x40, 0xA8, 0xD3, 0x17, 0x3A, 0xAF, 0xD6, 0x13, 0x34,
    0xB1, 0xD4, 0x15, 0x39, 0xAA, 0xD1, 0x19, 0x3E, 0xA3, 0xCE, 0x1D, 0x44, 0x9C, 0xCC, 0x22, 0x4A,
    0x95, 0xC9, 0x27, 0x4F, 0x8F, 0xC7, 0x2B, 0x54, 0x88, 0xC4, 0x30, 0x58, 0x82, 0xC2, 0x35, 0x5D,
    0x7D, 0xBF, 0x3B, 0x61, 0x77, 0xBD, 0x40, 0x65, 0x73, 0xBB, 0x45, 0x69, 0x6E, 0xB9, 0x4A, 0x6D,
    0x6A, 0xB6, 0x4E, 0x71, 0x67, 0xB4, 0x53, 0x75, 0x64, 0xB2, 0x57, 0x78, 0x62, 0xB0, 0x5A, 0x7B,
    0x61, 0xAE, 0x5D, 0x7E, 0x61, 0xAC, 0x5E, 0x81, 0x61, 0xAB, 0x5F, 0x84, 0x62, 0xA9, 0x5F, 0x86,
    0x64, 0xA8, 0x5E, 0x89, 0x66, 0xA6, 0x5B, 0x8B, 0x6A, 0xA5, 0x58, 0x8D, 0x6D, 0xA4, 0x53, 0x8F,
    0x71, 0xA3, 0x4E, 0x90, 0x75, 0xA2, 0x49, 0x92, 0x79, 0xA1, 0x43, 0x93, 0x7D, 0xA0, 0x3D, 0x94,
    0x80, 0xA0, 0x38, 0x95, 0x83, 0x9F, 0x34, 0x96, 0x85, 0x9F, 0x31, 0x96, 0x86, 0x9F, 0x30, 0x96,
    0x86, 0x9F, 0x30, 0x96, 0x85, 0x9F, 0x31, 0x96, 0x83, 0x9F, 0x34, 0x96, 0x80, 0xA0, 0x38, 0x95,
    0x7D, 0xA0, 0x3D, 0x94, 0x79, 0xA1, 0x43, 0x93, 0x75, 0xA2, 0x49, 0x92, 0x71, 0xA3, 0x4E, 0x90,
    0x6D, 0xA4, 0x53, 0x8F, 0x6A, 0xA5, 0x58, 0x8D, 0x66, 0xA6, 0x5B, 0x8B, 0x64, 0xA8, 0x5E, 0x89,
    0x62, 0xA9, 0x5F, 0x86, 0x61, 0xAB, 0x5F, 0x84, 0x61, 0xAC, 0x5E, 0x81, 0x61, 0xAE, 0x5D, 0x7E,
    0x62, 0xB0, 0x5A, 0x7B, 0x64, 0xB2, 0x57, 0x78, 0x67, 0xB4, 0x53, 0x75, 0x6A, 0xB6, 0x4E, 0x71,
    0x6E, 0xB9, 0x4A, 0x6D, 0x73, 0xBB, 0x45, 0x69, 0x77, 0xBD, 0x40, 0x65, 0x7D, 0xBF, 0x3B, 0x61,
    0x82, 0xC2, 0x35, 0x5D, 0x88, 0xC4, 0x30, 0x58, 0x8F, 0xC7, 0x2B, 0x54, 0x95, 0xC9, 0x27, 0x4F,
    0x9C, 0xCC, 0x22, 0x4A, 0xA3, 0xCE, 0x1D, 0x44, 0xAA, 0xD1, 0x19, 0x3E, 0xB1, 0xD4, 0x15, 0x39,
    0xB3, 0xD2, 0x16, 0x3D, 0xAB, 0xCF, 0x1B, 0x43, 0xA4, 0xCC, 0x1F, 0x48, 0x9E, 0xCA, 0x23, 0x4E,
    0x97, 0xC7, 0x28, 0x53, 0x90, 0xC5, 0x2D, 0x58, 0x89, 0xC2, 0x32, 0x5C, 0x83, 0xC0, 0x37, 0x61,
    0x7D, 0xBD, 0x3D, 0x65, 0x77, 0xBB, 0x42, 0x6A, 0x72, 0xB8, 0x47, 0x6E, 0x6D, 0xB6, 0x4D, 0x72,
    0x69, 0xB4, 0x52, 0x75, 0x65, 0xB2, 0x57, 0x79, 0x62, 0xAF, 0x5B, 0x7C, 0x5F, 0xAD, 0x5F, 0x80,
    0x5E, 0xAB, 0x62, 0x83, 0x5D, 0xAA, 0x64, 0x86, 0x5C, 0xA8, 0x65, 0x88, 0x5D, 0xA6, 0x65, 0x8B,
    0x5F, 0xA5, 0x64, 0x8D, 0x61, 0xA3, 0x62, 0x90, 0x64, 0xA2, 0x5E, 0x92, 0x67, 0xA0, 0x5A, 0x94,
    0x6B, 0x9F, 0x54, 0x95, 0x6F, 0x9E, 0x4E, 0x97, 0x73, 0x9D, 0x48, 0x98, 0x77, 0x9D, 0x42, 0x99,
    0x7A, 0x9C, 0x3C, 0x9A, 0x7D, 0x9C, 0x37, 0x9B, 0x7F, 0x9B, 0x34, 0x9B, 0x80, 0x9B, 0x32, 0x9B,
    0x80, 0x9B, 0x32, 0x9B, 0x7F, 0x9B, 0x34, 0x9B, 0x7D, 0x9C, 0x37, 0x9B, 0x7A, 0x9C, 0x3C, 0x9A,
    0x77, 0x9D, 0x42, 0x99, 0x73, 0x9D, 0x48, 0x98, 0x6F, 0x9E, 0x4E, 0x97, 0x6B, 0x9F, 0x54, 0x95,
    0x67, 0xA0, 0x5A, 0x94, 0x64, 0xA2, 0x5E, 0x92, 0x61, 0xA3, 0x62, 0x90, 0x5F, 0xA5, 0x64, 0x8D,
    0x5D, 0xA6, 0x65, 0x8B, 0x5C, 0xA8, 0x65, 0x88, 0x5D, 0xAA, 0x64, 0x86, 0x5E, 0xAB, 0x62, 0x83,
    0x5F, 0xAD, 0x5F, 0x80, 0x62, 0xAF, 0x5B, 0x7C, 0x65, 0xB2, 0x57, 0x79, 0x69, 0xB4, 0x52, 0x75,
    0x6D, 0xB6, 0x4D, 0x72, 0x72, 0xB8, 0x47, 0x6E, 0x77, 0xBB, 0x42, 0x6A, 0x7D, 0xBD, 0x3D, 0x65,
    0x83, 0xC0, 0x37, 0x61, 0x89, 0xC2, 0x32, 0x5C, 0x90, 0xC5, 0x2D, 0x58, 0x97, 0xC7, 0x28, 0x53,
    0x9E, 0xCA, 0x23, 0x4E, 0xA4, 0xCC, 0x1F, 0x48, 0xAB, 0xCF, 0x1B, 0x43, 0xB3, 0xD2, 0x16, 0x3D,
    0xB5, 0xD0, 0x18, 0x41, 0xAD, 0xCD, 0x1C, 0x47, 0xA6, 0xCA, 0x20, 0x4C, 0x9F, 0xC8, 0x24, 0x52,
    0x98, 0xC5, 0x29, 0x57, 0x91, 0xC2, 0x2E, 0x5C, 0x8B, 0xC0, 0x33, 0x60, 0x84, 0xBD, 0x38, 0x65,
    0x7E, 0xBB, 0x3E, 0x69, 0x78, 0xB8, 0x44, 0x6E, 0x72, 0xB6, 0x49, 0x72, 0x6D, 0xB4, 0x4F, 0x76,
    0x68, 0xB1, 0x55, 0x79, 0x64, 0xAF, 0x5A, 0x7D, 0x60, 0xAD, 0x5F, 0x80, 0x5D, 0xAB, 0x63, 0x84,
    0x5B, 0xA9, 0x67, 0x87, 0x59, 0xA7, 0x6A, 0x8A, 0x58, 0xA5, 0x6B, 0x8D, 0x59, 0xA3, 0x6C, 0x8F,
    0x5A, 0xA2, 0x6B, 0x92, 0x5B, 0xA0, 0x69, 0x94, 0x5E, 0x9F, 0x65, 0x96, 0x61, 0x9D, 0x61, 0x98,
    0x65, 0x9C, 0x5B, 0x9A, 0x69, 0x9B, 0x54, 0x9C, 0x6D, 0x9A, 0x4D, 0x9D, 0x71, 0x99, 0x46, 0x9E,
    0x75, 0x99, 0x40, 0x9F, 0x77, 0x98, 0x3A, 0xA0, 0x79, 0x98, 0x37, 0xA0, 0x7A, 0x98, 0x35, 0xA0,
    0x7A, 0x98, 0x35, 0xA0, 0x79, 0x98, 0x37, 0xA0, 0x77, 0x98, 0x3A, 0xA0, 0x75, 0x99, 0x40, 0x9F,
    0x71, 0x99, 0x46, 0x9E, 0x6D, 0x9A, 0x4D, 0x9D, 0x69, 0x9B, 0x54, 0x9C, 0x65, 0x9C, 0x5B, 0x9A,
    0x61, 0x9D, 0x61, 0x98, 0x5E, 0x9F, 0x65, 0x96, 0x5B, 0xA0, 0x69, 0x94, 0x5A, 0xA2, 0x6B, 0x92,
    0x59, 0xA3, 0x6C, 0x8F, 0x58, 0xA5, 0x6B, 0x8D, 0x59, 0xA7, 0x6A, 0x8A, 0x5B, 0xA9, 0x67, 0x87,
    0x5D, 0xAB, 0x63, 0x84, 0x60, 0xAD, 0x5F, 0x80, 0x64, 0xAF, 0x5A, 0x7D, 0x68, 0xB1, 0x55, 0x79,
    0x6D, 0xB4, 0x4F, 0x76, 0x72, 0xB6, 0x49, 0x72, 0x78, 0xB8, 0x44, 0x6E, 0x7E, 0xBB, 0x3E, 0x69,
    0x84, 0xBD, 0x38, 0x65, 0x8B, 0xC0, 0x33, 0x60, 0x91, 0xC2, 0x2E, 0x5C, 0x98, 0xC5, 0x29, 0x57,
    0x9F, 0xC8, 0x24, 0x52, 0xA6, 0xCA, 0x20, 0x4C, 0xAD, 0xCD, 0x1C, 0x47, 0xB5, 0xD0, 0x18, 0x41,
    0xB7, 0xCE, 0x18, 0x45, 0xAF, 0xCB, 0x1C, 0x4B, 0xA8, 0xC8, 0x21, 0x50, 0xA1, 0xC6, 0x25, 0x56,
    0x9A, 0xC3, 0x2A, 0x5B, 0x93, 0xC0, 0x2F, 0x60, 0x8C, 0xBE, 0x34, 0x64, 0x86, 0xBB, 0x39, 0x69,
    0x7F, 0xB9, 0x3F, 0x6D, 0x79, 0xB6, 0x45, 0x72, 0x73, 0xB4, 0x4B, 0x76, 0x6D, 0xB1, 0x51, 0x7A,
    0x67, 0xAF, 0x57, 0x7D, 0x63, 0xAC, 0x5C, 0x81, 0x5E, 0xAA, 0x62, 0x85, 0x5B, 0xA8, 0x67, 0x88,
    0x58, 0xA6, 0x6B, 0x8B, 0x56, 0xA4, 0x6F, 0x8E, 0x55, 0xA2, 0x71, 0x91, 0x54, 0xA0, 0x72, 0x94,
    0x55, 0x9F, 0x72, 0x96, 0x56, 0x9D, 0x70, 0x99, 0x58, 0x9C, 0x6D, 0x9B, 0x5B, 0x9A, 0x68, 0x9D,
    0x5F, 0x99, 0x62, 0x9F, 0x63, 0x98, 0x5A, 0xA0, 0x67, 0x97, 0x53, 0xA2, 0x6B, 0x96, 0x4B, 0xA3,
    0x6F, 0x96, 0x44, 0xA4, 0x71, 0x95, 0x3E, 0xA4, 0x74, 0x95, 0x39, 0xA5, 0x75, 0x95, 0x37, 0xA5,
    0x75, 0x95, 0x37, 0xA5, 0x74, 0x95, 0x39, 0xA5, 0x71, 0x95, 0x3E, 0xA4, 0x6F, 0x96, 0x44, 0xA4,
    0x6B, 0x96, 0x4B, 0xA3, 0x67, 0x97, 0x53, 0xA2, 0x63, 0x98, 0x5A, 0xA0, 0x5F, 0x99, 0x62, 0x9F,
    0x5B, 0x9A, 0x68, 0x9D, 0x58, 0x9C, 0x6D, 0x9B, 0x56, 0x9D, 0x70, 0x99, 0x55, 0x9F, 0x72, 0x96,
    0x54, 0xA0, 0x72, 0x94, 0x55, 0xA2, 0x71, 0x91, 0x56, 0xA4, 0x6F, 0x8E, 0x58, 0xA6, 0x6B, 0x8B,
    0x5B, 0xA8, 0x67, 0x88, 0x5E, 0xAA, 0x62, 0x85, 0x63, 0xAC, 0x5C, 0x81, 0x67, 0xAF, 0x57, 0x7D,
    0x6D, 0xB1, 0x51, 0x7A, 0x73, 0xB4, 0x4B, 0x76, 0x79, 0xB6, 0x45, 0x72, 0x7F, 0xB9, 0x3F, 0x6D,
    0x86, 0xBB, 0x39, 0x69, 0x8C, 0xBE, 0x34, 0x64, 0x93, 0xC0, 0x2F, 0x60, 0x9A, 0xC3, 0x2A, 0x5B,
    0xA1, 0xC6, 0x25, 0x56, 0xA8, 0xC8, 0x21, 0x50, 0xAF, 0xCB, 0x1C, 0x4B, 0xB7, 0xCE, 0x18, 0x45,
    0xB8, 0xCC, 0x19, 0x49, 0xB1, 0xC9, 0x1D, 0x4E, 0xAA, 0xC7, 0x21, 0x54, 0xA3, 0xC4, 0x25, 0x59,
    0x9C, 0xC1, 0x2A, 0x5E, 0x95, 0xBE, 0x2F, 0x63, 0x8E, 0xBC, 0x34, 0x68, 0x87, 0xB9, 0x39, 0x6D,
    0x80, 0xB6, 0x3F, 0x71, 0x7A, 0xB4, 0x45, 0x75, 0x73, 0xB1, 0x4B, 0x79, 0x6D, 0xAF, 0x52, 0x7D,
    0x67, 0xAC, 0x58, 0x81, 0x62, 0xAA, 0x5E, 0x85, 0x5D, 0xA8, 0x64, 0x89, 0x59, 0xA6, 0x6A, 0x8C,
    0x56, 0xA3, 0x6F, 0x8F, 0x53, 0xA1, 0x73, 0x92, 0x51, 0x9F, 0x77, 0x95, 0x50, 0x9D, 0x78, 0x98,
    0x50, 0x9C, 0x79, 0x9B, 0x51, 0x9A, 0x77, 0x9D, 0x53, 0x99, 0x74, 0x9F, 0x56, 0x97, 0x6F, 0xA1,
    0x59, 0x96, 0x69, 0xA3, 0x5D, 0x95, 0x61, 0xA5, 0x61, 0x94, 0x59, 0xA6, 0x65, 0x93, 0x50, 0xA7,
    0x69, 0x92, 0x48, 0xA8, 0x6C, 0x92, 0x41, 0xA9, 0x6E, 0x91, 0x3C, 0xAA, 0x6F, 0x91, 0x39, 0xAA,
    0x6F, 0x91, 0x39, 0xAA, 0x6E, 0x91, 0x3C, 0xAA, 0x6C, 0x92, 0x41, 0xA9, 0x69, 0x92, 0x48, 0xA8,
    0x65, 0x93, 0x50, 0xA7, 0x61, 0x94, 0x59, 0xA6, 0x5D, 0x95, 0x61, 0xA5, 0x59, 0x96, 0x69, 0xA3,
    0x56, 0x97, 0x6F, 0xA1, 0x53, 0x99, 0x74, 0x9F, 0x51, 0x9A, 0x77, 0x9D, 0x50, 0x9C, 0x79, 0x9B,
    0x50, 0x9D, 0x78, 0x98, 0x51, 0x9F, 0x77, 0x95, 0x53, 0xA1, 0x73, 0x92, 0x56, 0xA3, 0x6F, 0x8F,
    0x59, 0xA6, 0x6A, 0x8C, 0x5D, 0xA8, 0x64, 0x89, 0x62, 0xAA, 0x5E, 0x85, 0x67, 0xAC, 0x58, 0x81,
    0x6D, 0xAF, 0x52, 0x7D, 0x73, 0xB1, 0x4B, 0x79, 0x7A, 0xB4, 0x45, 0x75, 0x80, 0xB6, 0x3F, 0x71,
    0x87, 0xB9, 0x39, 0x6D, 0x8E, 0xBC, 0x34, 0x68, 0x95, 0xBE, 0x2F, 0x63, 0x9C, 0xC1, 0x2A, 0x5E,
    0xA3, 0xC4, 0x25, 0x59, 0xAA, 0xC7, 0x21, 0x54, 0xB1, 0xC9, 0x1D, 0x4E, 0xB8, 0xCC, 0x19, 0x49,
    0xBA, 0xCB, 0x19, 0x4C, 0xB3, 0xC8, 0x1D, 0x52, 0xAC, 0xC5, 0x21, 0x57, 0xA5, 0xC2, 0x25, 0x5D,
    0x9E, 0xBF, 0x2A, 0x62, 0x97, 0xBC, 0x2F, 0x67, 0x90, 0xBA, 0x34, 0x6B, 0x89, 0xB7, 0x39, 0x70,
    0x82, 0xB4, 0x3F, 0x75, 0x7B, 0xB2, 0x45, 0x79, 0x74, 0xAF, 0x4B, 0x7D, 0x6E, 0xAC, 0x52, 0x81,
    0x68, 0xAA, 0x59, 0x85, 0x62, 0xA8, 0x5F, 0x89, 0x5D, 0xA5, 0x66, 0x8C, 0x58, 0xA3, 0x6C, 0x90,
    0x54, 0xA1, 0x72, 0x93, 0x51, 0x9F, 0x77, 0x96, 0x4E, 0x9D, 0x7B, 0x99, 0x4D, 0x9B, 0x7E, 0x9C,
    0x4C, 0x99, 0x7F, 0x9F, 0x4C, 0x97, 0x7F, 0xA1, 0x4E, 0x96, 0x7C, 0xA4, 0x50, 0x94, 0x77, 0xA6,
    0x53, 0x93, 0x71, 0xA8, 0x57, 0x92, 0x68, 0xA9, 0x5B, 0x90, 0x5F, 0xAB, 0x5F, 0x90, 0x56, 0xAC,
    0x63, 0x8F, 0x4C, 0xAD, 0x66, 0x8E, 0x44, 0xAE, 0x68, 0x8E, 0x3F, 0xAE, 0x69, 0x8E, 0x3C, 0xAF,
    0x69, 0x8E, 0x3C, 0xAF, 0x68, 0x8E, 0x3F, 0xAE, 0x66, 0x8E, 0x44, 0xAE, 0x63, 0x8F, 0x4C, 0xAD,
    0x5F, 0x90, 0x56, 0xAC, 0x5B, 0x90, 0x5F, 0xAB, 0x57, 0x92, 0x68, 0xA9, 0x53, 0x93, 0x71, 0xA8,
    0x50, 0x94, 0x77, 0xA6, 0x4E, 0x96, 0x7C, 0xA4, 0x4C, 0x97, 0x7F, 0xA1, 0x4C, 0x99, 0x7F, 0x9F,
    0x4D, 0x9B, 0x7E, 0x9C, 0x4E, 0x9D, 0x7B, 0x99, 0x51, 0x9F, 0x77, 0x96, 0x54, 0xA1, 0x72, 0x93,
    0x58, 0xA3, 0x6C, 0x90, 0x5D, 0xA5, 0x66, 0x8C, 0x62, 0xA8, 0x5F, 0x89, 0x68, 0xAA, 0x59, 0x85,
    0x6E, 0xAC, 0x52, 0x81, 0x74, 0xAF, 0x4B, 0x7D, 0x7B, 0xB2, 0x45, 0x79, 0x82, 0xB4, 0x3F, 0x75,
    0x89, 0xB7, 0x39, 0x70, 0x90, 0xBA, 0x34, 0x6B, 0x97, 0xBC, 0x2F, 0x67, 0x9E, 0xBF, 0x2A, 0x62,
    0xA5, 0xC2, 0x25, 0x5D, 0xAC, 0xC5, 0x21, 0x57, 0xB3, 0xC8, 0x1D, 0x52, 0xBA, 0xCB, 0x19, 0x4C,
    0xBC, 0xC9, 0x19, 0x50, 0xB5, 0xC6, 0x1D, 0x55, 0xAE, 0xC3, 0x21, 0x5B, 0xA7, 0xC0, 0x25, 0x60,
    0xA0, 0xBD, 0x29, 0x65, 0x99, 0xBA, 0x2E, 0x6A, 0x92, 0xB8, 0x33, 0x6F, 0x8B, 0xB5, 0x38, 0x73,
    0x84, 0xB2, 0x3E, 0x78, 0x7D, 0xAF, 0x44, 0x7C, 0x76, 0xAD, 0x4B, 0x80, 0x6F, 0xAA, 0x52, 0x85,
    0x69, 0xA8, 0x59, 0x89, 0x63, 0xA5, 0x60, 0x8C, 0x5D, 0xA3, 0x67, 0x90, 0x58, 0xA0, 0x6E, 0x94,
    0x53, 0x9E, 0x75, 0x97, 0x4F, 0x9C, 0x7B, 0x9A, 0x4C, 0x9A, 0x80, 0x9D, 0x49, 0x98, 0x83, 0xA0,
    0x48, 0x96, 0x86, 0xA3, 0x48, 0x94, 0x86, 0xA6, 0x49, 0x93, 0x84, 0xA8, 0x4A, 0x91, 0x7F, 0xAA,
    0x4D, 0x90, 0x79, 0xAC, 0x51, 0x8E, 0x70, 0xAE, 0x55, 0x8D, 0x66, 0xAF, 0x59, 0x8C, 0x5C, 0xB1,
    0x5C, 0x8C, 0x51, 0xB2, 0x60, 0x8B, 0x48, 0xB2, 0x62, 0x8B, 0x41, 0xB3, 0x64, 0x8A, 0x3E, 0xB3,
    0x64, 0x8A, 0x3E, 0xB3, 0x62, 0x8B, 0x41, 0xB3, 0x60, 0x8B, 0x48, 0xB2, 0x5C, 0x8C, 0x51, 0xB2,
    0x59, 0x8C, 0x5C, 0xB1, 0x55, 0x8D, 0x66, 0xAF, 0x51, 0x8E, 0x70, 0xAE, 0x4D, 0x90, 0x79, 0xAC,
    0x4A, 0x91, 0x7F, 0xAA, 0x49, 0x93, 0x84, 0xA8, 0x48, 0x94, 0x86, 0xA6, 0x48, 0x96, 0x86, 0xA3,
    0x49, 0x98, 0x83, 0xA0, 0x4C, 0x9A, 0x80, 0x9D, 0x4F, 0x9C, 0x7B, 0x9A, 0x53, 0x9E, 0x75, 0x97,
    0x58, 0xA0, 0x6E, 0x94, 0x5D, 0xA3, 0x67, 0x90, 0x63, 0xA5, 0x60, 0x8C, 0x69, 0xA8, 0x59, 0x89,
    0x6F, 0xAA, 0x52, 0x85, 0x76, 0xAD, 0x4B, 0x80, 0x7D, 0xAF, 0x44, 0x7C, 0x84, 0xB2, 0x3E, 0x78,
    0x8B, 0xB5, 0x38, 0x73, 0x92, 0xB8, 0x33, 0x6F, 0x99, 0xBA, 0x2E, 0x6A, 0xA0, 0xBD, 0x29, 0x65,
    0xA7, 0xC0, 0x25, 0x60, 0xAE, 0xC3, 0x21, 0x5B, 0xB5, 0xC6, 0x1D, 0x55, 0xBC, 0xC9, 0x19, 0x50,
    0xBD, 0xC7, 0x19, 0x53, 0xB7, 0xC4, 0x1D, 0x58, 0xB0, 0xC1, 0x20, 0x5E, 0xA9, 0xBE, 0x24, 0x63,
    0xA2, 0xBB, 0x28, 0x68, 0x9B, 0xB9, 0x2D, 0x6D, 0x94, 0xB6, 0x32, 0x72, 0x8D, 0xB3, 0x37, 0x77,
    0x86, 0xB0, 0x3D, 0x7B, 0x7F, 0xAD, 0x43, 0x80, 0x78, 0xAB, 0x49, 0x84, 0x71, 0xA8, 0x50, 0x88,
    0x6A, 0xA6, 0x57, 0x8C, 0x63, 0xA3, 0x5F, 0x90, 0x5D, 0xA0, 0x67, 0x94, 0x57, 0x9E, 0x6E, 0x97,
    0x52, 0x9C, 0x76, 0x9B, 0x4E, 0x99, 0x7D, 0x9E, 0x4A, 0x97, 0x83, 0xA1, 0x47, 0x95, 0x88, 0xA4,
    0x45, 0x93, 0x8B, 0xA7, 0x44, 0x91, 0x8D, 0xAA, 0x44, 0x90, 0x8C, 0xAC, 0x45, 0x8E, 0x88, 0xAE,
    0x47, 0x8D, 0x82, 0xB0, 0x4B, 0x8B, 0x79, 0xB2, 0x4E, 0x8A, 0x6E, 0xB4, 0x52, 0x89, 0x62, 0xB5,
    0x56, 0x88, 0x57, 0xB6, 0x5A, 0x88, 0x4C, 0xB7, 0x5C, 0x87, 0x44, 0xB8, 0x5E, 0x87, 0x40, 0xB8,
    0x5E, 0x87, 0x40, 0xB8, 0x5C, 0x87, 0x44, 0xB8, 0x5A, 0x88, 0x4C, 0xB7, 0x56, 0x88, 0x57, 0xB6,
    0x52, 0x89, 0x62, 0xB5, 0x4E, 0x8A, 0x6E, 0xB4, 0x4B, 0x8B, 0x79, 0xB2, 0x47, 0x8D, 0x82, 0xB0,
    0x45, 0x8E, 0x88, 0xAE, 0x44, 0x90, 0x8C, 0xAC, 0x44, 0x91, 0x8D, 0xAA, 0x45, 0x93, 0x8B, 0xA7,
    0x47, 0x95, 0x88, 0xA4, 0x4A, 0x97, 0x83, 0xA1, 0x4E, 0x99, 0x7D, 0x9E, 0x52, 0x9C, 0x76, 0x9B,
    0x57, 0x9E, 0x6E, 0x97, 0x5D, 0xA0, 0x67, 0x94, 0x63, 0xA3, 0x5F, 0x90, 0x6A, 0xA6, 0x57, 0x8C,
    0x71, 0xA8, 0x50, 0x88, 0x78, 0xAB, 0x49, 0x84, 0x7F, 0xAD, 0x43, 0x80, 0x86, 0xB0, 0x3D, 0x7B,
    0x8D, 0xB3, 0x37, 0x77, 0x94, 0xB6, 0x32, 0x72, 0x9B, 0xB9, 0x2D, 0x6D, 0xA2, 0xBB, 0x28, 0x68,
    0xA9, 0xBE, 0x24, 0x63, 0xB0, 0xC1, 0x20, 0x5E, 0xB7, 0xC4, 0x1D, 0x58, 0xBD, 0xC7, 0x19, 0x53,
    0xBF, 0xC6, 0x19, 0x56, 0xB8, 0xC3, 0x1C, 0x5B, 0xB1, 0xC0, 0x20, 0x61, 0xAB, 0xBD, 0x23, 0x66,
    0xA4, 0xBA, 0x27, 0x6B, 0x9D, 0xB7, 0x2C, 0x70, 0x96, 0xB4, 0x30, 0x75, 0x8F, 0xB1, 0x35, 0x7A,
    0x88, 0xAE, 0x3B, 0x7E, 0x81, 0xAB, 0x41, 0x83, 0x79, 0xA9, 0x47, 0x87, 0x72, 0xA6, 0x4E, 0x8B,
    0x6B, 0xA3, 0x55, 0x8F, 0x65, 0xA1, 0x5D, 0x93, 0x5E, 0x9E, 0x65, 0x97, 0x58, 0x9C, 0x6D, 0x9B,
    0x52, 0x99, 0x76, 0x9E, 0x4D, 0x97, 0x7E, 0xA2, 0x48, 0x95, 0x85, 0xA5, 0x45, 0x93, 0x8B, 0xA8,
    0x42, 0x90, 0x90, 0xAB, 0x40, 0x8F, 0x93, 0xAE, 0x40, 0x8D, 0x93, 0xB0, 0x40, 0x8B, 0x90, 0xB2,
    0x42, 0x89, 0x8B, 0xB5, 0x45, 0x88, 0x82, 0xB7, 0x48, 0x87, 0x77, 0xB8, 0x4C, 0x86, 0x6A, 0xBA,
    0x50, 0x85, 0x5C, 0xBB, 0x54, 0x84, 0x51, 0xBC, 0x57, 0x84, 0x48, 0xBC, 0x58, 0x84, 0x43, 0xBC,
    0x58, 0x84, 0x43, 0xBC, 0x57, 0x84, 0x48, 0xBC, 0x54, 0x84, 0x51, 0xBC, 0x50, 0x85, 0x5C, 0xBB,
    0x4C, 0x86, 0x6A, 0xBA, 0x48, 0x87, 0x77, 0xB8, 0x45, 0x88, 0x82, 0xB7, 0x42, 0x89, 0x8B, 0xB5,
    0x40, 0x8B, 0x90, 0xB2, 0x40, 0x8D, 0x93, 0xB0, 0x40, 0x8F, 0x93, 0xAE, 0x42, 0x90, 0x90, 0xAB,
    0x45, 0x93, 0x8B, 0xA8, 0x48, 0x95, 0x85, 0xA5, 0x4D, 0x97, 0x7E, 0xA2, 0x52, 0x99, 0x76, 0x9E,
    0x58, 0x9C, 0x6D, 0x9B, 0x5E, 0x9E, 0x65, 0x97, 0x65, 0xA1, 0x5D, 0x93, 0x6B, 0xA3, 0x55, 0x8F,
    0x72, 0xA6, 0x4E, 0x8B, 0x79, 0xA9, 0x47, 0x87, 0x81, 0xAB, 0x41, 0x83, 0x88, 0xAE, 0x3B, 0x7E,
    0x8F, 0xB1, 0x35, 0x7A, 0x96, 0xB4, 0x30, 0x75, 0x9D, 0xB7, 0x2C, 0x70, 0xA4, 0xBA, 0x27, 0x6B,
    0xAB, 0xBD, 0x23, 0x66, 0xB1, 0xC0, 0x20, 0x61, 0xB8, 0xC3, 0x1C, 0x5B, 0xBF, 0xC6, 0x19, 0x56,
    0xBF, 0xC4, 0x19, 0x58, 0xB9, 0xC1, 0x1C, 0x5E, 0xB2, 0xBE, 0x1F, 0x63, 0xAC, 0xBB, 0x23, 0x69,
    0xA5, 0xB8, 0x26, 0x6E, 0x9E, 0xB5, 0x2A, 0x73, 0x98, 0xB2, 0x2F, 0x78, 0x91, 0xAF, 0x33, 0x7C,
    0x8A, 0xAC, 0x39, 0x81, 0x83, 0xAA, 0x3E, 0x86, 0x7B, 0xA7, 0x45, 0x8A, 0x74, 0xA4, 0x4B, 0x8E,
    0x6D, 0xA1, 0x53, 0x92, 0x66, 0x9F, 0x5A, 0x96, 0x5F, 0x9C, 0x63, 0x9A, 0x59, 0x99, 0x6B, 0x9E,
    0x53, 0x97, 0x74, 0xA2, 0x4D, 0x95, 0x7D, 0xA5, 0x48, 0x92, 0x86, 0xA8, 0x43, 0x90, 0x8D, 0xAC,
    0x40, 0x8E, 0x94, 0xAF, 0x3D, 0x8C, 0x98, 0xB1, 0x3C, 0x8A, 0x9A, 0xB4, 0x3B, 0x88, 0x99, 0xB7,
    0x3D, 0x86, 0x94, 0xB9, 0x3F, 0x85, 0x8B, 0xBB, 0x42, 0x84, 0x80, 0xBC, 0x46, 0x83, 0x72, 0xBE,
    0x4A, 0x82, 0x63, 0xBF, 0x4E, 0x81, 0x55, 0xC0, 0x51, 0x81, 0x4B, 0xC1, 0x52, 0x80, 0x45, 0xC1,
    0x52, 0x80, 0x45, 0xC1, 0x51, 0x81, 0x4B, 0xC1, 0x4E, 0x81, 0x55, 0xC0, 0x4A, 0x82, 0x63, 0xBF,
    0x46, 0x83, 0x72, 0xBE, 0x42, 0x84, 0x80, 0xBC, 0x3F, 0x85, 0x8B, 0xBB, 0x3D, 0x86, 0x94, 0xB9,
    0x3B, 0x88, 0x99, 0xB7, 0x3C, 0x8A, 0x9A, 0xB4, 0x3D, 0x8C, 0x98, 0xB1, 0x40, 0x8E, 0x94, 0xAF,
    0x43, 0x90, 0x8D, 0xAC, 0x48, 0x92, 0x86, 0xA8, 0x4D, 0x95, 0x7D, 0xA5, 0x53, 0x97, 0x74, 0xA2,
    0x59, 0x99, 0x6B, 0x9E, 0x5F, 0x9C, 0x63, 0x9A, 0x66, 0x9F, 0x5A, 0x96, 0x6D, 0xA1, 0x53, 0x92,
    0x74, 0xA4, 0x4B, 0x8E, 0x7B, 0xA7, 0x45, 0x8A, 0x83, 0xAA, 0x3E, 0x86, 0x8A, 0xAC, 0x39, 0x81,
    0x91, 0xAF, 0x33, 0x7C, 0x98, 0xB2, 0x2F, 0x78, 0x9E, 0xB5, 0x2A, 0x73, 0xA5, 0xB8, 0x26, 0x6E,
    0xAC, 0xBB, 0x23, 0x69, 0xB2, 0xBE, 0x1F, 0x63, 0xB9, 0xC1, 0x1C, 0x5E, 0xBF, 0xC4, 0x19, 0x58,
    0xC0, 0xC3, 0x19, 0x5B, 0xBA, 0xC0, 0x1C, 0x60, 0xB3, 0xBD, 0x1F, 0x66, 0xAD, 0xBA, 0x22, 0x6B,
    0xA6, 0xB7, 0x25, 0x70, 0xA0, 0xB4, 0x29, 0x75, 0x99, 0xB1, 0x2D, 0x7A, 0x92, 0xAE, 0x31, 0x7F,
    0x8B, 0xAB, 0x36, 0x84, 0x84, 0xA8, 0x3B, 0x88, 0x7D, 0xA5, 0x41, 0x8D, 0x76, 0xA2, 0x48, 0x91,
    0x6F, 0x9F, 0x4F, 0x95, 0x68, 0x9D, 0x57, 0x99, 0x61, 0x9A, 0x5F, 0x9D, 0x5A, 0x97, 0x68, 0xA1,
    0x54, 0x95, 0x71, 0xA5, 0x4D, 0x92, 0x7B, 0xA8, 0x47, 0x90, 0x84, 0xAC, 0x42, 0x8D, 0x8E, 0xAF,
    0x3E, 0x8B, 0x96, 0xB2, 0x3B, 0x89, 0x9C, 0xB5, 0x38, 0x87, 0xA0, 0xB8, 0x37, 0x85, 0xA1, 0xBA,
    0x38, 0x84, 0x9D, 0xBD, 0x39, 0x82, 0x96, 0xBF, 0x3C, 0x81, 0x8A, 0xC1, 0x40, 0x7F, 0x7B, 0xC2,
    0x44, 0x7E, 0x6A, 0xC4, 0x48, 0x7E, 0x5B, 0xC5, 0x4B, 0x7D, 0x4E, 0xC5, 0x4D, 0x7D, 0x47, 0xC6,
    0x4D, 0x7D, 0x47, 0xC6, 0x4B, 0x7D, 0x4E, 0xC5, 0x48, 0x7E, 0x5B, 0xC5, 0x44, 0x7E, 0x6A, 0xC4,
    0x40, 0x7F, 0x7B, 0xC2, 0x3C, 0x81, 0x8A, 0xC1, 0x39, 0x82, 0x96, 0xBF, 0x38, 0x84, 0x9D, 0xBD,
    0x37, 0x85, 0xA1, 0xBA, 0x38, 0x87, 0xA0, 0xB8, 0x3B, 0x89, 0x9C, 0xB5, 0x3E, 0x8B, 0x96, 0xB2,
    0x42, 0x8D, 0x8E, 0xAF, 0x47, 0x90, 0x84, 0xAC, 0x4D, 0x92, 0x7B, 0xA8, 0x54, 0x95, 0x71, 0xA5,
    0x5A, 0x97, 0x68, 0xA1, 0x61, 0x9A, 0x5F, 0x9D, 0x68, 0x9D, 0x57, 0x99, 0x6F, 0x9F, 0x4F, 0x95,
    0x76, 0xA2, 0x48, 0x91, 0x7D, 0xA5, 0x41, 0x8D, 0x84, 0xA8, 0x3B, 0x88, 0x8B, 0xAB, 0x36, 0x84,
    0x92, 0xAE, 0x31, 0x7F, 0x99, 0xB1, 0x2D, 0x7A, 0xA0, 0xB4, 0x29, 0x75, 0xA6, 0xB7, 0x25, 0x70,
    0xAD, 0xBA, 0x22, 0x6B, 0xB3, 0xBD, 0x1F, 0x66, 0xBA, 0xC0, 0x1C, 0x60, 0xC0, 0xC3, 0x19, 0x5B,
    0xC0, 0xC2, 0x19, 0x5D, 0xBA, 0xBE, 0x1B, 0x63, 0xB4, 0xBB, 0x1E, 0x68, 0xAD, 0xB8, 0x21, 0x6E,
    0xA7, 0xB5, 0x24, 0x73, 0xA1, 0xB2, 0x27, 0x78, 0x9A, 0xAF, 0x2B, 0x7D, 0x94, 0xAC, 0x2F, 0x82,
    0x8D, 0xA9, 0x34, 0x86, 0x86, 0xA6, 0x38, 0x8B, 0x7F, 0xA3, 0x3E, 0x8F, 0x78, 0xA0, 0x44, 0x94,
    0x71, 0x9D, 0x4B, 0x98, 0x6A, 0x9B, 0x52, 0x9C, 0x63, 0x98, 0x5A, 0xA0, 0x5C, 0x95, 0x63, 0xA4,
    0x55, 0x93, 0x6D, 0xA8, 0x4E, 0x90, 0x77, 0xAC, 0x48, 0x8D, 0x81, 0xAF, 0x42, 0x8B, 0x8C, 0xB2,
    0x3D, 0x89, 0x96, 0xB6, 0x39, 0x86, 0x9E, 0xB9, 0x36, 0x84, 0xA4, 0xBC, 0x34, 0x82, 0xA7, 0xBE,
    0x33, 0x81, 0xA6, 0xC1, 0x34, 0x7F, 0xA0, 0xC3, 0x37, 0x7D, 0x95, 0xC5, 0x3A, 0x7C, 0x85, 0xC7,
    0x3E, 0x7B, 0x73, 0xC8, 0x42, 0x7A, 0x61, 0xC9, 0x45, 0x7A, 0x52, 0xCA, 0x47, 0x7A, 0x4A, 0xCA,
    0x47, 0x7A, 0x4A, 0xCA, 0x45, 0x7A, 0x52, 0xCA, 0x42, 0x7A, 0x61, 0xC9, 0x3E, 0x7B, 0x73, 0xC8,
    0x3A, 0x7C, 0x85, 0xC7, 0x37, 0x7D, 0x95, 0xC5, 0x34, 0x7F, 0xA0, 0xC3, 0x33, 0x81, 0xA6, 0xC1,
    0x34, 0x82, 0xA7, 0xBE, 0x36, 0x84, 0xA4, 0xBC, 0x39, 0x86, 0x9E, 0xB9, 0x3D, 0x89, 0x96, 0xB6,
    0x42, 0x8B, 0x8C, 0xB2, 0x48, 0x8D, 0x81, 0xAF, 0x4E, 0x90, 0x77, 0xAC, 0x55, 0x93, 0x6D, 0xA8,
    0x5C, 0x95, 0x63, 0xA4, 0x63, 0x98, 0x5A, 0xA0, 0x6A, 0x9B, 0x52, 0x9C, 0x71, 0x9D, 0x4B, 0x98,
    0x78, 0xA0, 0x44, 0x94, 0x7F, 0xA3, 0x3E, 0x8F, 0x86, 0xA6, 0x38, 0x8B, 0x8D, 0xA9, 0x34, 0x86,
    0x94, 0xAC, 0x2F, 0x82, 0x9A, 0xAF, 0x2B, 0x7D, 0xA1, 0xB2, 0x27, 0x78, 0xA7, 0xB5, 0x24, 0x73,
    0xAD, 0xB8, 0x21, 0x6E, 0xB4, 0xBB, 0x1E, 0x68, 0xBA, 0xBE, 0x1B, 0x63, 0xC0, 0xC2, 0x19, 0x5D,
    0xBF, 0xC0, 0x19, 0x5F, 0xB9, 0xBD, 0x1B, 0x65, 0xB3, 0xBA, 0x1E, 0x6B, 0xAD, 0xB7, 0x21, 0x70,
    0xA7, 0xB4, 0x23, 0x75, 0xA1, 0xB1, 0x26, 0x7A, 0x9B, 0xAE, 0x2A, 0x7F, 0x95, 0xAB, 0x2D, 0x84,
    0x8E, 0xA8, 0x31, 0x89, 0x88, 0xA5, 0x35, 0x8D, 0x81, 0xA2, 0x3A, 0x92, 0x7A, 0x9F, 0x40, 0x96,
    0x73, 0x9C, 0x46, 0x9B, 0x6C, 0x99, 0x4D, 0x9F, 0x65, 0x96, 0x55, 0xA3, 0x5E, 0x93, 0x5D, 0xA7,
    0x57, 0x90, 0x67, 0xAB, 0x50, 0x8E, 0x71, 0xAF, 0x49, 0x8B, 0x7C, 0xB2, 0x43, 0x89, 0x88, 0xB6,
    0x3D, 0x86, 0x93, 0xB9, 0x38, 0x84, 0x9E, 0xBC, 0x34, 0x82, 0xA7, 0xBF, 0x31, 0x80, 0xAD, 0xC2,
    0x2F, 0x7E, 0xAE, 0xC5, 0x2F, 0x7C, 0xAA, 0xC7, 0x31, 0x7A, 0xA0, 0xC9, 0x34, 0x79, 0x91, 0xCB,
    0x38, 0x78, 0x7D, 0xCC, 0x3C, 0x77, 0x68, 0xCD, 0x3F, 0x77, 0x56, 0xCE, 0x41, 0x76, 0x4C, 0xCE,
    0x41, 0x76, 0x4C, 0xCE, 0x3F, 0x77, 0x56, 0xCE, 0x3C, 0x77, 0x68, 0xCD, 0x38, 0x78, 0x7D, 0xCC,
    0x34, 0x79, 0x91, 0xCB, 0x31, 0x7A, 0xA0, 0xC9, 0x2F, 0x7C, 0xAA, 0xC7, 0x2F, 0x7E, 0xAE, 0xC5,
    0x31, 0x80, 0xAD, 0xC2, 0x34, 0x82, 0xA7, 0xBF, 0x38, 0x84, 0x9E, 0xBC, 0x3D, 0x86, 0x93, 0xB9,
    0x43, 0x89, 0x88, 0xB6, 0x49, 0x8B, 0x7C, 0xB2, 0x50, 0x8E, 0x71, 0xAF, 0x57, 0x90, 0x67, 0xAB,
    0x5E, 0x93, 0x5D, 0xA7, 0x65, 0x96, 0x55, 0xA3, 0x6C, 0x99, 0x4D, 0x9F, 0x73, 0x9C, 0x46, 0x9B,
    0x7A, 0x9F, 0x40, 0x96, 0x81, 0xA2, 0x3A, 0x92, 0x88, 0xA5, 0x35, 0x8D, 0x8E, 0xA8, 0x31, 0x89,
    0x95, 0xAB, 0x2D, 0x84, 0x9B, 0xAE, 0x2A, 0x7F, 0xA1, 0xB1, 0x26, 0x7A, 0xA7, 0xB4, 0x23, 0x75,
    0xAD, 0xB7, 0x21, 0x70, 0xB3, 0xBA, 0x1E, 0x6B, 0xB9, 0xBD, 0x1B, 0x65, 0xBF, 0xC0, 0x19, 0x5F,
    0xBE, 0xBF, 0x19, 0x61, 0xB8, 0xBC, 0x1C, 0x67, 0xB2, 0xB9, 0x1E, 0x6D, 0xAD, 0xB6, 0x20, 0x72,
    0xA7, 0xB3, 0x23, 0x77, 0xA1, 0xAF, 0x26, 0x7C, 0x9B, 0xAC, 0x28, 0x81, 0x95, 0xA9, 0x2C, 0x86,
    0x8F, 0xA6, 0x2F, 0x8B, 0x88, 0xA3, 0x33, 0x90, 0x82, 0xA0, 0x37, 0x94, 0x7B, 0x9D, 0x3C, 0x99,
    0x75, 0x9A, 0x41, 0x9D, 0x6E, 0x97, 0x48, 0xA1, 0x67, 0x94, 0x4F, 0xA6, 0x60, 0x91, 0x57, 0xAA,
    0x59, 0x8F, 0x60, 0xAE, 0x52, 0x8C, 0x6A, 0xB1, 0x4B, 0x89, 0x75, 0xB5, 0x44, 0x86, 0x81, 0xB9,
    0x3D, 0x84, 0x8E, 0xBC, 0x37, 0x82, 0x9B, 0xBF, 0x32, 0x7F, 0xA6, 0xC3, 0x2E, 0x7D, 0xAF, 0xC6,
    0x2C, 0x7B, 0xB5, 0xC8, 0x2B, 0x79, 0xB4, 0xCB, 0x2C, 0x77, 0xAC, 0xCD, 0x2E, 0x76, 0x9D, 0xCF,
    0x32, 0x75, 0x88, 0xD0, 0x36, 0x74, 0x70, 0xD1, 0x39, 0x73, 0x5B, 0xD2, 0x3B, 0x73, 0x4F, 0xD3,
    0x3B, 0x73, 0x4F, 0xD3, 0x39, 0x73, 0x5B, 0xD2, 0x36, 0x74, 0x70, 0xD1, 0x32, 0x75, 0x88, 0xD0,
    0x2E, 0x76, 0x9D, 0xCF, 0x2C, 0x77, 0xAC, 0xCD, 0x2B, 0x79, 0xB4, 0xCB, 0x2C, 0x7B, 0xB5, 0xC8,
    0x2E, 0x7D, 0xAF, 0xC6, 0x32, 0x7F, 0xA6, 0xC3, 0x37, 0x82, 0x9B, 0xBF, 0x3D, 0x84, 0x8E, 0xBC,
    0x44, 0x86, 0x81, 0xB9, 0x4B, 0x89, 0x75, 0xB5, 0x52, 0x8C, 0x6A, 0xB1, 0x59, 0x8F, 0x60, 0xAE,
    0x60, 0x91, 0x57, 0xAA, 0x67, 0x94, 0x4F, 0xA6, 0x6E, 0x97, 0x48, 0xA1, 0x75, 0x9A, 0x41, 0x9D,
    0x7B, 0x9D, 0x3C, 0x99, 0x82, 0xA0, 0x37, 0x94, 0x88, 0xA3, 0x33, 0x90, 0x8F, 0xA6, 0x2F, 0x8B,
    0x95, 0xA9, 0x2C, 0x86, 0x9B, 0xAC, 0x28, 0x81, 0xA1, 0xAF, 0x26, 0x7C, 0xA7, 0xB3, 0x23, 0x77,
    0xAD, 0xB6, 0x20, 0x72, 0xB2, 0xB9, 0x1E, 0x6D, 0xB8, 0xBC, 0x1C, 0x67, 0xBE, 0xBF, 0x19, 0x61,
    0xBC, 0xBE, 0x1A, 0x63, 0xB6, 0xBB, 0x1C, 0x69, 0xB1, 0xB8, 0x1F, 0x6E, 0xAB, 0xB5, 0x21, 0x74,
    0xA6, 0xB1, 0x23, 0x79, 0xA0, 0xAE, 0x25, 0x7E, 0x9B, 0xAB, 0x28, 0x83, 0x95, 0xA8, 0x2B, 0x88,
    0x8F, 0xA5, 0x2D, 0x8D, 0x89, 0xA2, 0x31, 0x92, 0x83, 0x9F, 0x34, 0x96, 0x7C, 0x9C, 0x38, 0x9B,
    0x76, 0x99, 0x3D, 0x9F, 0x6F, 0x96, 0x42, 0xA4, 0x69, 0x93, 0x48, 0xA8, 0x62, 0x90, 0x50, 0xAC,
    0x5B, 0x8D, 0x58, 0xB0, 0x54, 0x8A, 0x61, 0xB4, 0x4D, 0x87, 0x6C, 0xB8, 0x45, 0x84, 0x78, 0xBC,
    0x3F, 0x82, 0x86, 0xBF, 0x38, 0x7F, 0x94, 0xC3, 0x32, 0x7D, 0xA2, 0xC6, 0x2D, 0x7A, 0xAF, 0xC9,
    0x29, 0x78, 0xB8, 0xCC, 0x27, 0x76, 0xBC, 0xCE, 0x27, 0x74, 0xB8, 0xD1, 0x28, 0x73, 0xAB, 0xD3,
    0x2C, 0x72, 0x95, 0xD4, 0x30, 0x71, 0x7A, 0xD6, 0x33, 0x70, 0x61, 0xD7, 0x36, 0x70, 0x52, 0xD7,
    0x36, 0x70, 0x52, 0xD7, 0x33, 0x70, 0x61, 0xD7, 0x30, 0x71, 0x7A, 0xD6, 0x2C, 0x72, 0x95, 0xD4,
    0x28, 0x73, 0xAB, 0xD3, 0x27, 0x74, 0xB8, 0xD1, 0x27, 0x76, 0xBC, 0xCE, 0x29, 0x78, 0xB8, 0xCC,
    0x2D, 0x7A, 0xAF, 0xC9, 0x32, 0x7D, 0xA2, 0xC6, 0x38, 0x7F, 0x94, 0xC3, 0x3F, 0x82, 0x86, 0xBF,
    0x45, 0x84, 0x78, 0xBC, 0x4D, 0x87, 0x6C, 0xB8, 0x54, 0x8A, 0x61, 0xB4, 0x5B, 0x8D, 0x58, 0xB0,
    0x62, 0x90, 0x50, 0xAC, 0x69, 0x93, 0x48, 0xA8, 0x6F, 0x96, 0x42, 0xA4, 0x76, 0x99, 0x3D, 0x9F,
    0x7C, 0x9C, 0x38, 0x9B, 0x83, 0x9F, 0x34, 0x96, 0x89, 0xA2, 0x31, 0x92, 0x8F, 0xA5, 0x2D, 0x8D,
    0x95, 0xA8, 0x2B, 0x88, 0x9B, 0xAB, 0x28, 0x83, 0xA0, 0xAE, 0x25, 0x7E, 0xA6, 0xB1, 0x23, 0x79,
    0xAB, 0xB5, 0x21, 0x74, 0xB1, 0xB8, 0x1F, 0x6E, 0xB6, 0xBB, 0x1C, 0x69, 0xBC, 0xBE, 0x1A, 0x63,
    0xB9, 0xBD, 0x1B, 0x65, 0xB4, 0xBA, 0x1D, 0x6B, 0xAF, 0xB7, 0x20, 0x70, 0xA9, 0xB4, 0x22, 0x75,
    0xA4, 0xB0, 0x24, 0x7B, 0x9F, 0xAD, 0x26, 0x80, 0x99, 0xAA, 0x28, 0x85, 0x94, 0xA7, 0x2A, 0x8A,
    0x8E, 0xA4, 0x2D, 0x8F, 0x88, 0xA0, 0x2F, 0x94, 0x83, 0x9D, 0x32, 0x98, 0x7D, 0x9A, 0x36, 0x9D,
    0x76, 0x97, 0x39, 0xA1, 0x70, 0x94, 0x3E, 0xA6, 0x6A, 0x91, 0x43, 0xAA, 0x63, 0x8E, 0x49, 0xAE,
    0x5C, 0x8B, 0x50, 0xB2, 0x56, 0x88, 0x58, 0xB7, 0x4F, 0x85, 0x62, 0xBA, 0x47, 0x82, 0x6E, 0xBE,
    0x40, 0x80, 0x7B, 0xC2, 0x39, 0x7D, 0x8A, 0xC6, 0x33, 0x7A, 0x99, 0xC9, 0x2D, 0x78, 0xA9, 0xCC,
    0x28, 0x76, 0xB7, 0xCF, 0x24, 0x74, 0xC1, 0xD2, 0x23, 0x72, 0xC2, 0xD4, 0x23, 0x70, 0xB9, 0xD7,
    0x26, 0x6E, 0xA4, 0xD8, 0x29, 0x6D, 0x86, 0xDA, 0x2D, 0x6D, 0x68, 0xDB, 0x30, 0x6C, 0x55, 0xDB,
    0x30, 0x6C, 0x55, 0xDB, 0x2D, 0x6D, 0x68, 0xDB, 0x29, 0x6D, 0x86, 0xDA, 0x26, 0x6E, 0xA4, 0xD8,
    0x23, 0x70, 0xB9, 0xD7, 0x23, 0x72, 0xC2, 0xD4, 0x24, 0x74, 0xC1, 0xD2, 0x28, 0x76, 0xB7, 0xCF,
    0x2D, 0x78, 0xA9, 0xCC, 0x33, 0x7A, 0x99, 0xC9, 0x39, 0x7D, 0x8A, 0xC6, 0x40, 0x80, 0x7B, 0xC2,
    0x47, 0x82, 0x6E, 0xBE, 0x4F, 0x85, 0x62, 0xBA, 0x56, 0x88, 0x58, 0xB7, 0x5C, 0x8B, 0x50, 0xB2,
    0x63, 0x8E, 0x49, 0xAE, 0x6A, 0x91, 0x43, 0xAA, 0x70, 0x94, 0x3E, 0xA6, 0x76, 0x97, 0x39, 0xA1,
    0x7D, 0x9A, 0x36, 0x9D, 0x83, 0x9D, 0x32, 0x98, 0x88, 0xA0, 0x2F, 0x94, 0x8E, 0xA4, 0x2D, 0x8F,
    0x94, 0xA7, 0x2A, 0x8A, 0x99, 0xAA, 0x28, 0x85, 0x9F, 0xAD, 0x26, 0x80, 0xA4, 0xB0, 0x24, 0x7B,
    0xA9, 0xB4, 0x22, 0x75, 0xAF, 0xB7, 0x20, 0x70, 0xB4, 0xBA, 0x1D, 0x6B, 0xB9, 0xBD, 0x1B, 0x65,
    0xB6, 0xBD, 0x1D, 0x66, 0xB1, 0xB9, 0x1F, 0x6C, 0xAC, 0xB6, 0x21, 0x72, 0xA7, 0xB3, 0x23, 0x77,
    0xA2, 0xAF, 0x25, 0x7C, 0x9D, 0xAC, 0x27, 0x81, 0x97, 0xA9, 0x29, 0x87, 0x92, 0xA6, 0x2B, 0x8C,
    0x8D, 0xA3, 0x2D, 0x90, 0x87, 0x9F, 0x2F, 0x95, 0x82, 0x9C, 0x32, 0x9A, 0x7C, 0x99, 0x34, 0x9F,
    0x76, 0x96, 0x37, 0xA3, 0x70, 0x93, 0x3A, 0xA8, 0x6A, 0x90, 0x3E, 0xAC, 0x64, 0x8D, 0x43, 0xB0,
    0x5E, 0x89, 0x49, 0xB5, 0x57, 0x86, 0x4F, 0xB9, 0x50, 0x84, 0x58, 0xBD, 0x49, 0x81, 0x62, 0xC1,
    0x42, 0x7E, 0x6E, 0xC5, 0x3B, 0x7B, 0x7C, 0xC8, 0x34, 0x78, 0x8D, 0xCC, 0x2D, 0x76, 0x9F, 0xCF,
    0x27, 0x73, 0xB1, 0xD2, 0x23, 0x71, 0xC0, 0xD5, 0x1F, 0x6F, 0xC9, 0xD8, 0x1E, 0x6D, 0xC7, 0xDA,
    0x20, 0x6B, 0xB5, 0xDC, 0x23, 0x6A, 0x95, 0xDE, 0x27, 0x69, 0x70, 0xDF, 0x2A, 0x69, 0x58, 0xE0,
    0x2A, 0x69, 0x58, 0xE0, 0x27, 0x69, 0x70, 0xDF, 0x23, 0x6A, 0x95, 0xDE, 0x20, 0x6B, 0xB5, 0xDC,
    0x1E, 0x6D, 0xC7, 0xDA, 0x1F, 0x6F, 0xC9, 0xD8, 0x23, 0x71, 0xC0, 0xD5, 0x27, 0x73, 0xB1, 0xD2,
    0x2D, 0x76, 0x9F, 0xCF, 0x34, 0x78, 0x8D, 0xCC, 0x3B, 0x7B, 0x7C, 0xC8, 0x42, 0x7E, 0x6E, 0xC5,
    0x49, 0x81, 0x62, 0xC1, 0x50, 0x84, 0x58, 0xBD, 0x57, 0x86, 0x4F, 0xB9, 0x5E, 0x89, 0x49, 0xB5,
    0x64, 0x8D, 0x43, 0xB0, 0x6A, 0x90, 0x3E, 0xAC, 0x70, 0x93, 0x3A, 0xA8, 0x76, 0x96, 0x37, 0xA3,
    0x7C, 0x99, 0x34, 0x9F, 0x82, 0x9C, 0x32, 0x9A, 0x87, 0x9F, 0x2F, 0x95, 0x8D, 0xA3, 0x2D, 0x90,
    0x92, 0xA6, 0x2B, 0x8C, 0x97, 0xA9, 0x29, 0x87, 0x9D, 0xAC, 0x27, 0x81, 0xA2, 0xAF, 0x25, 0x7C,
    0xA7, 0xB3, 0x23, 0x77, 0xAC, 0xB6, 0x21, 0x72, 0xB1, 0xB9, 0x1F, 0x6C, 0xB6, 0xBD, 0x1D, 0x66,
    0xB2, 0xBC, 0x1F, 0x68, 0xAD, 0xB9, 0x21, 0x6D, 0xA8, 0xB5, 0x23, 0x73, 0xA4, 0xB2, 0x25, 0x78,
    0x9F, 0xAF, 0x27, 0x7E, 0x9A, 0xAB, 0x29, 0x83, 0x95, 0xA8, 0x2B, 0x88, 0x90, 0xA5, 0x2D, 0x8D,
    0x8A, 0xA2, 0x2F, 0x92, 0x85, 0x9E, 0x30, 0x97, 0x80, 0x9B, 0x32, 0x9C, 0x7B, 0x98, 0x34, 0xA0,
    0x75, 0x95, 0x36, 0xA5, 0x70, 0x92, 0x39, 0xA9, 0x6A, 0x8E, 0x3C, 0xAE, 0x64, 0x8B, 0x3F, 0xB2,
    0x5E, 0x88, 0x43, 0xB7, 0x58, 0x85, 0x48, 0xBB, 0x52, 0x82, 0x4E, 0xBF, 0x4B, 0x7F, 0x56, 0xC3,
    0x44, 0x7C, 0x60, 0xC7, 0x3D, 0x79, 0x6D, 0xCB, 0x36, 0x76, 0x7C, 0xCE, 0x2F, 0x74, 0x8E, 0xD2,
    0x28, 0x71, 0xA3, 0xD5, 0x22, 0x6E, 0xB8, 0xD8, 0x1D, 0x6C, 0xCA, 0xDB, 0x1B, 0x6A, 0xD1, 0xDE,
    0x1B, 0x68, 0xC6, 0xE0, 0x1D, 0x67, 0xA7, 0xE2, 0x21, 0x66, 0x7C, 0xE3, 0x24, 0x65, 0x5B, 0xE4,
    0x24, 0x65, 0x5B, 0xE4, 0x21, 0x66, 0x7C, 0xE3, 0x1D, 0x67, 0xA7, 0xE2, 0x1B, 0x68, 0xC6, 0xE0,
    0x1B, 0x6A, 0xD1, 0xDE, 0x1D, 0x6C, 0xCA, 0xDB, 0x22, 0x6E, 0xB8, 0xD8, 0x28, 0x71, 0xA3, 0xD5,
    0x2F, 0x74, 0x8E, 0xD2, 0x36, 0x76, 0x7C, 0xCE, 0x3D, 0x79, 0x6D, 0xCB, 0x44, 0x7C, 0x60, 0xC7,
    0x4B, 0x7F, 0x56, 0xC3, 0x52, 0x82, 0x4E, 0xBF, 0x58, 0x85, 0x48, 0xBB, 0x5E, 0x88, 0x43, 0xB7,
    0x64, 0x8B, 0x3F, 0xB2, 0x6A, 0x8E, 0x3C, 0xAE, 0x70, 0x92, 0x39, 0xA9, 0x75, 0x95, 0x36, 0xA5,
    0x7B, 0x98, 0x34, 0xA0, 0x80, 0x9B, 0x32, 0x9C, 0x85, 0x9E, 0x30, 0x97, 0x8A, 0xA2, 0x2F, 0x92,
    0x90, 0xA5, 0x2D, 0x8D, 0x95, 0xA8, 0x2B, 0x88, 0x9A, 0xAB, 0x29, 0x83, 0x9F, 0xAF, 0x27, 0x7E,
    0xA4, 0xB2, 0x25, 0x78, 0xA8, 0xB5, 0x23, 0x73, 0xAD, 0xB9, 0x21, 0x6D, 0xB2, 0xBC, 0x1F, 0x68,
    0xAE, 0xBB, 0x21, 0x69, 0xA9, 0xB8, 0x24, 0x6E, 0xA4, 0xB5, 0x26, 0x74, 0xA0, 0xB1, 0x28, 0x79,
    0x9B, 0xAE, 0x2A, 0x7F, 0x96, 0xAB, 0x2C, 0x84, 0x91, 0xA7, 0x2E, 0x89, 0x8C, 0xA4, 0x30, 0x8E,
    0x87, 0xA1, 0x31, 0x93, 0x82, 0x9D, 0x33, 0x98, 0x7D, 0x9A, 0x35, 0x9D, 0x78, 0x97, 0x36, 0xA2,
    0x73, 0x94, 0x38, 0xA6, 0x6E, 0x90, 0x3A, 0xAB, 0x68, 0x8D, 0x3C, 0xAF, 0x63, 0x8A, 0x3E, 0xB4,
    0x5D, 0x87, 0x40, 0xB8, 0x58, 0x84, 0x43, 0xBC, 0x52, 0x81, 0x47, 0xC1, 0x4C, 0x7D, 0x4D, 0xC5,
    0x45, 0x7A, 0x54, 0xC9, 0x3F, 0x77, 0x5D, 0xCD, 0x38, 0x74, 0x69, 0xD1, 0x31, 0x72, 0x7A, 0xD4,
    0x2A, 0x6F, 0x8E, 0xD8, 0x23, 0x6C, 0xA6, 0xDB, 0x1D, 0x6A, 0xBF, 0xDE, 0x18, 0x67, 0xD3, 0xE1,
    0x16, 0x65, 0xD6, 0xE4, 0x17, 0x64, 0xBD, 0xE6, 0x1B, 0x63, 0x8B, 0xE7, 0x1E, 0x62, 0x60, 0xE8,
    0x1E, 0x62, 0x60, 0xE8, 0x1B, 0x63, 0x8B, 0xE7, 0x17, 0x64, 0xBD, 0xE6, 0x16, 0x65, 0xD6, 0xE4,
    0x18, 0x67, 0xD3, 0xE1, 0x1D, 0x6A, 0xBF, 0xDE, 0x23, 0x6C, 0xA6, 0xDB, 0x2A, 0x6F, 0x8E, 0xD8,
    0x31, 0x72, 0x7A, 0xD4, 0x38, 0x74, 0x69, 0xD1, 0x3F, 0x77, 0x5D, 0xCD, 0x45, 0x7A, 0x54, 0xC9,
    0x4C, 0x7D, 0x4D, 0xC5, 0x52, 0x81, 0x47, 0xC1, 0x58, 0x84, 0x43, 0xBC, 0x5D, 0x87, 0x40, 0xB8,
    0x63, 0x8A, 0x3E, 0xB4, 0x68, 0x8D, 0x3C, 0xAF, 0x6E, 0x90, 0x3A, 0xAB, 0x73, 0x94, 0x38, 0xA6,
    0x78, 0x97, 0x36, 0xA2, 0x7D, 0x9A, 0x35, 0x9D, 0x82, 0x9D, 0x33, 0x98, 0x87, 0xA1, 0x31, 0x93,
    0x8C, 0xA4, 0x30, 0x8E, 0x91, 0xA7, 0x2E, 0x89, 0x96, 0xAB, 0x2C, 0x84, 0x9B, 0xAE, 0x2A, 0x7F,
    0xA0, 0xB1, 0x28, 0x79, 0xA4, 0xB5, 0x26, 0x74, 0xA9, 0xB8, 0x24, 0x6E, 0xAE, 0xBB, 0x21, 0x69,
    0xA9, 0xBB, 0x24, 0x6A, 0xA4, 0xB7, 0x27, 0x6F, 0xA0, 0xB4, 0x29, 0x75, 0x9B, 0xB1, 0x2B, 0x7A,
    0x96, 0xAD, 0x2E, 0x80, 0x92, 0xAA, 0x30, 0x85, 0x8D, 0xA7, 0x32, 0x8A, 0x88, 0xA3, 0x34, 0x8F,
    0x83, 0xA0, 0x35, 0x94, 0x7E, 0x9D, 0x37, 0x99, 0x7A, 0x99, 0x39, 0x9E, 0x75, 0x96, 0x3A, 0xA3,
    0x70, 0x93, 0x3C, 0xA7, 0x6B, 0x90, 0x3D, 0xAC, 0x66, 0x8C, 0x3E, 0xB1, 0x61, 0x89, 0x40, 0xB5,
    0x5C, 0x86, 0x41, 0xBA, 0x56, 0x83, 0x43, 0xBE, 0x51, 0x7F, 0x45, 0xC2, 0x4B, 0x7C, 0x48, 0xC7,
    0x46, 0x79, 0x4C, 0xCB, 0x40, 0x76, 0x51, 0xCF, 0x39, 0x73, 0x59, 0xD3, 0x33, 0x70, 0x64, 0xD7,
    0x2C, 0x6D, 0x75, 0xDA, 0x25, 0x6A, 0x8B, 0xDE, 0x1E, 0x67, 0xA8, 0xE1, 0x17, 0x65, 0xC7, 0xE4,
    0x13, 0x63, 0xDD, 0xE7, 0x12, 0x61, 0xD5, 0xE9, 0x15, 0x5F, 0xA2, 0xEB, 0x19, 0x5F, 0x65, 0xEC,
    0x19, 0x5F, 0x65, 0xEC, 0x15, 0x5F, 0xA2, 0xEB, 0x12, 0x61, 0xD5, 0xE9, 0x13, 0x63, 0xDD, 0xE7,
    0x17, 0x65, 0xC7, 0xE4, 0x1E, 0x67, 0xA8, 0xE1, 0x25, 0x6A, 0x8B, 0xDE, 0x2C, 0x6D, 0x75, 0xDA,
    0x33, 0x70, 0x64, 0xD7, 0x39, 0x73, 0x59, 0xD3, 0x40, 0x76, 0x51, 0xCF, 0x46, 0x79, 0x4C, 0xCB,
    0x4B, 0x7C, 0x48, 0xC7, 0x51, 0x7F, 0x45, 0xC2, 0x56, 0x83, 0x43, 0xBE, 0x5C, 0x86, 0x41, 0xBA,
    0x61, 0x89, 0x40, 0xB5, 0x66, 0x8C, 0x3E, 0xB1, 0x6B, 0x90, 0x3D, 0xAC, 0x70, 0x93, 0x3C, 0xA7,
    0x75, 0x96, 0x3A, 0xA3, 0x7A, 0x99, 0x39, 0x9E, 0x7E, 0x9D, 0x37, 0x99, 0x83, 0xA0, 0x35, 0x94,
    0x88, 0xA3, 0x34, 0x8F, 0x8D, 0xA7, 0x32, 0x8A, 0x92, 0xAA, 0x30, 0x85, 0x96, 0xAD, 0x2E, 0x80,
    0x9B, 0xB1, 0x2B, 0x7A, 0xA0, 0xB4, 0x29, 0x75, 0xA4, 0xB7, 0x27, 0x6F, 0xA9, 0xBB, 0x24, 0x6A,
    0xA4, 0xBA, 0x27, 0x6A, 0x9F, 0xB7, 0x2A, 0x70, 0x9A, 0xB4, 0x2D, 0x76, 0x96, 0xB0, 0x2F, 0x7B,
    0x91, 0xAD, 0x32, 0x80, 0x8D, 0xAA, 0x34, 0x86, 0x88, 0xA6, 0x37, 0x8B, 0x83, 0xA3, 0x39, 0x90,
    0x7F, 0xA0, 0x3B, 0x95, 0x7A, 0x9C, 0x3D, 0x9A, 0x75, 0x99, 0x3E, 0x9F, 0x71, 0x96, 0x40, 0xA4,
    0x6C, 0x92, 0x42, 0xA8, 0x67, 0x8F, 0x43, 0xAD, 0x62, 0x8C, 0x44, 0xB2, 0x5D, 0x88, 0x45, 0xB6,
    0x59, 0x85, 0x46, 0xBB, 0x54, 0x82, 0x47, 0xBF, 0x4F, 0x7E, 0x48, 0xC4, 0x49, 0x7B, 0x49, 0xC8,
    0x44, 0x78, 0x4A, 0xCC, 0x3F, 0x75, 0x4C, 0xD0, 0x39, 0x72, 0x4F, 0xD4, 0x33, 0x6E, 0x55, 0xD8,
    0x2D, 0x6B, 0x5E, 0xDC, 0x27, 0x68, 0x6D, 0xE0, 0x20, 0x65, 0x84, 0xE4, 0x19, 0x63, 0xA6, 0xE7,
    0x12, 0x60, 0xCE, 0xEA, 0x0E, 0x5E, 0xE6, 0xED, 0x0F, 0x5C, 0xC1, 0xEF, 0x13, 0x5B, 0x6E, 0xF0,
    0x13, 0x5B, 0x6E, 0xF0, 0x0F, 0x5C, 0xC1, 0xEF, 0x0E, 0x5E, 0xE6, 0xED, 0x12, 0x60, 0xCE, 0xEA,
    0x19, 0x63, 0xA6, 0xE7, 0x20, 0x65, 0x84, 0xE4, 0x27, 0x68, 0x6D, 0xE0, 0x2D, 0x6B, 0x5E, 0xDC,
    0x33, 0x6E, 0x55, 0xD8, 0x39, 0x72, 0x4F, 0xD4, 0x3F, 0x75, 0x4C, 0xD0, 0x44, 0x78, 0x4A, 0xCC,
    0x49, 0x7B, 0x49, 0xC8, 0x4F, 0x7E, 0x48, 0xC4, 0x54, 0x82, 0x47, 0xBF, 0x59, 0x85, 0x46, 0xBB,
    0x5D, 0x88, 0x45, 0xB6, 0x62, 0x8C, 0x44, 0xB2, 0x67, 0x8F, 0x43, 0xAD, 0x6C, 0x92, 0x42, 0xA8,
    0x71, 0x96, 0x40, 0xA4, 0x75, 0x99, 0x3E, 0x9F, 0x7A, 0x9C, 0x3D, 0x9A, 0x7F, 0xA0, 0x3B, 0x95,
    0x83, 0xA3, 0x39, 0x90, 0x88, 0xA6, 0x37, 0x8B, 0x8D, 0xAA, 0x34, 0x86, 0x91, 0xAD, 0x32, 0x80,
    0x96, 0xB0, 0x2F, 0x7B, 0x9A, 0xB4, 0x2D, 0x76, 0x9F, 0xB7, 0x2A, 0x70, 0xA4, 0xBA, 0x27, 0x6A,
    0x9E, 0xBA, 0x2B, 0x6B, 0x9A, 0xB7, 0x2E, 0x71, 0x95, 0xB3, 0x31, 0x76, 0x90, 0xB0, 0x34, 0x7C,
    0x8C, 0xAC, 0x37, 0x81, 0x87, 0xA9, 0x39, 0x86, 0x83, 0xA6, 0x3C, 0x8C, 0x7E, 0xA2, 0x3F, 0x91,
    0x79, 0x9F, 0x41, 0x96, 0x75, 0x9C, 0x44, 0x9B, 0x70, 0x98, 0x46, 0xA0, 0x6C, 0x95, 0x48, 0xA4,
    0x67, 0x92, 0x4A, 0xA9, 0x62, 0x8E, 0x4C, 0xAE, 0x5E, 0x8B, 0x4D, 0xB2, 0x59, 0x88, 0x4E, 0xB7,
    0x54, 0x84, 0x50, 0xBC, 0x50, 0x81, 0x50, 0xC0, 0x4B, 0x7E, 0x51, 0xC5, 0x46, 0x7A, 0x51, 0xC9,
    0x41, 0x77, 0x51, 0xCD, 0x3C, 0x74, 0x51, 0xD1, 0x37, 0x71, 0x51, 0xD6, 0x32, 0x6D, 0x52, 0xDA,
    0x2D, 0x6A, 0x53, 0xDE, 0x27, 0x67, 0x58, 0xE2, 0x21, 0x64, 0x62, 0xE6, 0x1A, 0x61, 0x77, 0xE9,
    0x13, 0x5E, 0x9E, 0xED, 0x0D, 0x5B, 0xD6, 0xF0, 0x0A, 0x59, 0xE7, 0xF3, 0x0D, 0x58, 0x80, 0xF4,
    0x0D, 0x58, 0x80, 0xF4, 0x0A, 0x59, 0xE7, 0xF3, 0x0D, 0x5B, 0xD6, 0xF0, 0x13, 0x5E, 0x9E, 0xED,
    0x1A, 0x61, 0x77, 0xE9, 0x21, 0x64, 0x62, 0xE6, 0x27, 0x67, 0x58, 0xE2, 0x2D, 0x6A, 0x53, 0xDE,
    0x32, 0x6D, 0x52, 0xDA, 0x37, 0x71, 0x51, 0xD6, 0x3C, 0x74, 0x51, 0xD1, 0x41, 0x77, 0x51, 0xCD,
    0x46, 0x7A, 0x51, 0xC9, 0x4B, 0x7E, 0x51, 0xC5, 0x50, 0x81, 0x50, 0xC0, 0x54, 0x84, 0x50, 0xBC,
    0x59, 0x88, 0x4E, 0xB7, 0x5E, 0x8B, 0x4D, 0xB2, 0x62, 0x8E, 0x4C, 0xAE, 0x67, 0x92, 0x4A, 0xA9,
    0x6C, 0x95, 0x48, 0xA4, 0x70, 0x98, 0x46, 0xA0, 0x75, 0x9C, 0x44, 0x9B, 0x79, 0x9F, 0x41, 0x96,
    0x7E, 0xA2, 0x3F, 0x91, 0x83, 0xA6, 0x3C, 0x8C, 0x87, 0xA9, 0x39, 0x86, 0x8C, 0xAC, 0x37, 0x81,
    0x90, 0xB0, 0x34, 0x7C, 0x95, 0xB3, 0x31, 0x76, 0x9A, 0xB7, 0x2E, 0x71, 0x9E, 0xBA, 0x2B, 0x6B,
    0x98, 0xBA, 0x2E, 0x6B, 0x94, 0xB6, 0x32, 0x71, 0x8F, 0xB3, 0x35, 0x77, 0x8B, 0xB0, 0x38, 0x7C,
    0x86, 0xAC, 0x3C, 0x81, 0x82, 0xA9, 0x3F, 0x87, 0x7D, 0xA6, 0x42, 0x8C, 0x78, 0xA2, 0x45, 0x91,
    0x74, 0x9F, 0x48, 0x96, 0x6F, 0x9B, 0x4B, 0x9B, 0x6B, 0x98, 0x4E, 0xA0, 0x66, 0x95, 0x51, 0xA5,
    0x61, 0x91, 0x54, 0xAA, 0x5D, 0x8E, 0x56, 0xAE, 0x58, 0x8B, 0x58, 0xB3, 0x54, 0x87, 0x5B, 0xB8,
    0x4F, 0x84, 0x5D, 0xBC, 0x4A, 0x81, 0x5E, 0xC1, 0x46, 0x7D, 0x60, 0xC5, 0x41, 0x7A, 0x61, 0xCA,
    0x3D, 0x77, 0x61, 0xCE, 0x38, 0x73, 0x62, 0xD2, 0x33, 0x70, 0x61, 0xD7, 0x2F, 0x6D, 0x60, 0xDB,
    0x2A, 0x69, 0x5E, 0xDF, 0x25, 0x66, 0x5C, 0xE3, 0x20, 0x63, 0x5A, 0xE7, 0x1B, 0x5F, 0x5B, 0xEB,
    0x15, 0x5C, 0x64, 0xEF, 0x0E, 0x59, 0x88, 0xF3, 0x07, 0x57, 0xDD, 0xF6, 0x07, 0x55, 0xAE, 0xF8,
    0x07, 0x55, 0xAE, 0xF8, 0x07, 0x57, 0xDD, 0xF6, 0x0E, 0x59, 0x88, 0xF3, 0x15, 0x5C, 0x64, 0xEF,
    0x1B, 0x5F, 0x5B, 0xEB, 0x20, 0x63, 0x5A, 0xE7, 0x25, 0x66, 0x5C, 0xE3, 0x2A, 0x69, 0x5E, 0xDF,
    0x2F, 0x6D, 0x60, 0xDB, 0x33, 0x70, 0x61, 0xD7, 0x38, 0x73, 0x62, 0xD2, 0x3D, 0x77, 0x61, 0xCE,
    0x41, 0x7A, 0x61, 0xCA, 0x46, 0x7D, 0x60, 0xC5, 0x4A, 0x81, 0x5E, 0xC1, 0x4F, 0x84, 0x5D, 0xBC,
    0x54, 0x87, 0x5B, 0xB8, 0x58, 0x8B, 0x58, 0xB3, 0x5D, 0x8E, 0x56, 0xAE, 0x61, 0x91, 0x54, 0xAA,
    0x66, 0x95, 0x51, 0xA5, 0x6B, 0x98, 0x4E, 0xA0, 0x6F, 0x9B, 0x4B, 0x9B, 0x74, 0x9F, 0x48, 0x96,
    0x78, 0xA2, 0x45, 0x91, 0x7D, 0xA6, 0x42, 0x8C, 0x82, 0xA9, 0x3F, 0x87, 0x86, 0xAC, 0x3C, 0x81,
    0x8B, 0xB0, 0x38, 0x7C, 0x8F, 0xB3, 0x35, 0x77, 0x94, 0xB6, 0x32, 0x71, 0x98, 0xBA, 0x2E, 0x6B,
    0x93, 0xBA, 0x32, 0x6B, 0x8E, 0xB6, 0x36, 0x71, 0x89, 0xB3, 0x3A, 0x77, 0x85, 0xAF, 0x3D, 0x7C,
    0x80, 0xAC, 0x41, 0x82, 0x7C, 0xA9, 0x45, 0x87, 0x77, 0xA5, 0x49, 0x8C, 0x73, 0xA2, 0x4C, 0x91,
    0x6E, 0x9F, 0x50, 0x96, 0x69, 0x9B, 0x54, 0x9B, 0x65, 0x98, 0x57, 0xA0, 0x60, 0x95, 0x5B, 0xA5,
    0x5C, 0x91, 0x5E, 0xAA, 0x57, 0x8E, 0x62, 0xAF, 0x53, 0x8A, 0x65, 0xB3, 0x4E, 0x87, 0x69, 0xB8,
    0x49, 0x84, 0x6C, 0xBC, 0x45, 0x80, 0x6F, 0xC1, 0x40, 0x7D, 0x72, 0xC6, 0x3C, 0x7A, 0x75, 0xCA,
    0x37, 0x76, 0x78, 0xCE, 0x32, 0x73, 0x7A, 0xD3, 0x2E, 0x70, 0x7C, 0xD7, 0x29, 0x6C, 0x7E, 0xDB,
    0x25, 0x69, 0x7F, 0xE0, 0x20, 0x65, 0x7F, 0xE4, 0x1C, 0x62, 0x7F, 0xE8, 0x17, 0x5F, 0x7C, 0xEC,
    0x12, 0x5B, 0x76, 0xF0, 0x0E, 0x58, 0x6C, 0xF4, 0x09, 0x55, 0x62, 0xF8, 0x02, 0x52, 0xE4, 0xFC,
    0x02, 0x52, 0xE4, 0xFC, 0x09, 0x55, 0x62, 0xF8, 0x0E, 0x58, 0x6C, 0xF4, 0x12, 0x5B, 0x76, 0xF0,
    0x17, 0x5F, 0x7C, 0xEC, 0x1C, 0x62, 0x7F, 0xE8, 0x20, 0x65, 0x7F, 0xE4, 0x25, 0x69, 0x7F, 0xE0,
    0x29, 0x6C, 0x7E, 0xDB, 0x2E, 0x70, 0x7C, 0xD7, 0x32, 0x73, 0x7A, 0xD3, 0x37, 0x76, 0x78, 0xCE,
    0x3C, 0x7A, 0x75, 0xCA, 0x40, 0x7D, 0x72, 0xC6, 0x45, 0x80, 0x6F, 0xC1, 0x49, 0x84, 0x6C, 0xBC,
    0x4E, 0x87, 0x69, 0xB8, 0x53, 0x8A, 0x65, 0xB3, 0x57, 0x8E, 0x62, 0xAF, 0x5C, 0x91, 0x5E, 0xAA,
    0x60, 0x95, 0x5B, 0xA5, 0x65, 0x98, 0x57, 0xA0, 0x69, 0x9B, 0x54, 0x9B, 0x6E, 0x9F, 0x50, 0x96,
    0x73, 0xA2, 0x4C, 0x91, 0x77, 0xA5, 0x49, 0x8C, 0x7C, 0xA9, 0x45, 0x87, 0x80, 0xAC, 0x41, 0x82,
    0x85, 0xAF, 0x3D, 0x7C, 0x89, 0xB3, 0x3A, 0x77, 0x8E, 0xB6, 0x36, 0x71, 0x93, 0xBA, 0x32, 0x6B,
    0x8D, 0xBA, 0x36, 0x6B, 0x88, 0xB6, 0x3A, 0x71, 0x84, 0xB3, 0x3E, 0x77, 0x7F, 0xAF, 0x42, 0x7C,
    0x7B, 0xAC, 0x46, 0x82, 0x76, 0xA9, 0x4B, 0x87, 0x71, 0xA5, 0x4F, 0x8C, 0x6D, 0xA2, 0x53, 0x91,
    0x68, 0x9F, 0x58, 0x96, 0x64, 0x9B, 0x5C, 0x9B, 0x5F, 0x98, 0x60, 0xA0, 0x5B, 0x95, 0x65, 0xA5,
    0x56, 0x91, 0x69, 0xAA, 0x51, 0x8E, 0x6E, 0xAF, 0x4D, 0x8A, 0x72, 0xB3, 0x48, 0x87, 0x77, 0xB8,
    0x44, 0x84, 0x7C, 0xBC, 0x3F, 0x80, 0x81, 0xC1, 0x3B, 0x7D, 0x86, 0xC6, 0x36, 0x7A, 0x8B, 0xCA,
    0x31, 0x76, 0x90, 0xCE, 0x2D, 0x73, 0x96, 0xD3, 0x28, 0x70, 0x9C, 0xD7, 0x24, 0x6C, 0xA2, 0xDB,
    0x1F, 0x69, 0xA9, 0xE0, 0x1B, 0x65, 0xB0, 0xE4, 0x16, 0x62, 0xB9, 0xE8, 0x12, 0x5F, 0xC4, 0xEC,
    0x0D, 0x5B, 0xD2, 0xF0, 0x09, 0x58, 0xE4, 0xF4, 0x05, 0x55, 0xF5, 0xF8, 0x03, 0x52, 0x7A, 0xFC,
    0x03, 0x52, 0x7A, 0xFC, 0x05, 0x55, 0xF5, 0xF8, 0x09, 0x58, 0xE4, 0xF4, 0x0D, 0x5B, 0xD2, 0xF0,
    0x12, 0x5F, 0xC4, 0xEC, 0x16, 0x62, 0xB9, 0xE8, 0x1B, 0x65, 0xB0, 0xE4, 0x1F, 0x69, 0xA9, 0xE0,
    0x24, 0x6C, 0xA2, 0xDB, 0x28, 0x70, 0x9C, 0xD7, 0x2D, 0x73, 0x96, 0xD3, 0x31, 0x76, 0x90, 0xCE,
    0x36, 0x7A, 0x8B, 0xCA, 0x3B, 0x7D, 0x86, 0xC6, 0x3F, 0x80, 0x81, 0xC1, 0x44, 0x84, 0x7C, 0xBC,
    0x48, 0x87, 0x77, 0xB8, 0x4D, 0x8A, 0x72, 0xB3, 0x51, 0x8E, 0x6E, 0xAF, 0x56, 0x91, 0x69, 0xAA,
    0x5B, 0x95, 0x65, 0xA5, 0x5F, 0x98, 0x60, 0xA0, 0x64, 0x9B, 0x5C, 0x9B, 0x68, 0x9F, 0x58, 0x96,
    0x6D, 0xA2, 0x53, 0x91, 0x71, 0xA5, 0x4F, 0x8C, 0x76, 0xA9, 0x4B, 0x87, 0x7B, 0xAC, 0x46, 0x82,
    0x7F, 0xAF, 0x42, 0x7C, 0x84, 0xB3, 0x3E, 0x77, 0x88, 0xB6, 0x3A, 0x71, 0x8D, 0xBA, 0x36, 0x6B,
    0x87, 0xBA, 0x39, 0x6B, 0x83, 0xB6, 0x3D, 0x71, 0x7E, 0xB3, 0x42, 0x77, 0x7A, 0xB0, 0x47, 0x7C,
    0x75, 0xAC, 0x4C, 0x81, 0x71, 0xA9, 0x50, 0x87, 0x6C, 0xA6, 0x55, 0x8C, 0x67, 0xA2, 0x5A, 0x91,
    0x63, 0x9F, 0x5F, 0x96, 0x5E, 0x9B, 0x64, 0x9B, 0x5A, 0x98, 0x69, 0xA0, 0x55, 0x95, 0x6E, 0xA5,
    0x51, 0x91, 0x74, 0xAA, 0x4C, 0x8E, 0x79, 0xAE, 0x48, 0x8B, 0x7F, 0xB3, 0x43, 0x87, 0x85, 0xB8,
    0x3F, 0x84, 0x8B, 0xBC, 0x3A, 0x81, 0x91, 0xC1, 0x36, 0x7D, 0x98, 0xC5, 0x31, 0x7A, 0x9E, 0xCA,
    0x2D, 0x77, 0xA6, 0xCE, 0x28, 0x73, 0xAD, 0xD2, 0x24, 0x70, 0xB6, 0xD7, 0x1F, 0x6D, 0xBF, 0xDB,
    0x1B, 0x69, 0xC8, 0xDF, 0x17, 0x66, 0xD2, 0xE3, 0x13, 0x63, 0xDC, 0xE7, 0x10, 0x5F, 0xE3, 0xEB,
    0x0D, 0x5C, 0xE2, 0xEF, 0x0B, 0x59, 0xC5, 0xF3, 0x0B, 0x57, 0x76, 0xF6, 0x07, 0x55, 0xA9, 0xF8,
    0x07, 0x55, 0xA9, 0xF8, 0x0B, 0x57, 0x76, 0xF6, 0x0B, 0x59, 0xC5, 0xF3, 0x0D, 0x5C, 0xE2, 0xEF,
    0x10, 0x5F, 0xE3, 0xEB, 0x13, 0x63, 0xDC, 0xE7, 0x17, 0x66, 0xD2, 0xE3, 0x1B, 0x69, 0xC8, 0xDF,
    0x1F, 0x6D, 0xBF, 0xDB, 0x24, 0x70, 0xB6, 0xD7, 0x28, 0x73, 0xAD, 0xD2, 0x2D, 0x77, 0xA6, 0xCE,
    0x31, 0x7A, 0x9E, 0xCA, 0x36, 0x7D, 0x98, 0xC5, 0x3A, 0x81, 0x91, 0xC1, 0x3F, 0x84, 0x8B, 0xBC,
    0x43, 0x87, 0x85, 0xB8, 0x48, 0x8B, 0x7F, 0xB3, 0x4C, 0x8E, 0x79, 0xAE, 0x51, 0x91, 0x74, 0xAA,
    0x55, 0x95, 0x6E, 0xA5, 0x5A, 0x98, 0x69, 0xA0, 0x5E, 0x9B, 0x64, 0x9B, 0x63, 0x9F, 0x5F, 0x96,
    0x67, 0xA2, 0x5A, 0x91, 0x6C, 0xA6, 0x55, 0x8C, 0x71, 0xA9, 0x50, 0x87, 0x75, 0xAC, 0x4C, 0x81,
    0x7A, 0xB0, 0x47, 0x7C, 0x7E, 0xB3, 0x42, 0x77, 0x83, 0xB6, 0x3D, 0x71, 0x87, 0xBA, 0x39, 0x6B,
    0x82, 0xBA, 0x3C, 0x6B, 0x7E, 0xB7, 0x41, 0x71, 0x79, 0xB3, 0x46, 0x76, 0x75, 0xB0, 0x4B, 0x7C,
    0x70, 0xAC, 0x50, 0x81, 0x6C, 0xA9, 0x55, 0x86, 0x67, 0xA6, 0x5B, 0x8C, 0x63, 0xA2, 0x60, 0x91,
    0x5E, 0x9F, 0x65, 0x96, 0x5A, 0x9C, 0x6B, 0x9B, 0x55, 0x98, 0x71, 0xA0, 0x51, 0x95, 0x77, 0xA4,
    0x4C, 0x92, 0x7D, 0xA9, 0x48, 0x8E, 0x83, 0xAE, 0x43, 0x8B, 0x89, 0xB2, 0x3F, 0x88, 0x90, 0xB7,
    0x3B, 0x84, 0x97, 0xBC, 0x36, 0x81, 0x9E, 0xC0, 0x32, 0x7E, 0xA5, 0xC5, 0x2E, 0x7A, 0xAC, 0xC9,
    0x2A, 0x77, 0xB4, 0xCD, 0x26, 0x74, 0xBC, 0xD1, 0x22, 0x71, 0xC4, 0xD6, 0x1E, 0x6D, 0xCB, 0xDA,
    0x1B, 0x6A, 0xD1, 0xDE, 0x18, 0x67, 0xD4, 0xE2, 0x15, 0x64, 0xD2, 0xE6, 0x14, 0x61, 0xC4, 0xE9,
    0x13, 0x5E, 0xA4, 0xED, 0x13, 0x5B, 0x72, 0xF0, 0x10, 0x59, 0x66, 0xF3, 0x0A, 0x58, 0xD0, 0xF4,
    0x0A, 0x58, 0xD0, 0xF4, 0x10, 0x59, 0x66, 0xF3, 0x13, 0x5B, 0x72, 0xF0, 0x13, 0x5E, 0xA4, 0xED,
    0x14, 0x61, 0xC4, 0xE9, 0x15, 0x64, 0xD2, 0xE6, 0x18, 0x67, 0xD4, 0xE2, 0x1B, 0x6A, 0xD1, 0xDE,
    0x1E, 0x6D, 0xCB, 0xDA, 0x22, 0x71, 0xC4, 0xD6, 0x26, 0x74, 0xBC, 0xD1, 0x2A, 0x77, 0xB4, 0xCD,
    0x2E, 0x7A, 0xAC, 0xC9, 0x32, 0x7E, 0xA5, 0xC5, 0x36, 0x81, 0x9E, 0xC0, 0x3B, 0x84, 0x97, 0xBC,
    0x3F, 0x88, 0x90, 0xB7, 0x43, 0x8B, 0x89, 0xB2, 0x48, 0x8E, 0x83, 0xAE, 0x4C, 0x92, 0x7D, 0xA9,
    0x51, 0x95, 0x77, 0xA4, 0x55, 0x98, 0x71, 0xA0, 0x5A, 0x9C, 0x6B, 0x9B, 0x5E, 0x9F, 0x65, 0x96,
    0x63, 0xA2, 0x60, 0x91, 0x67, 0xA6, 0x5B, 0x8C, 0x6C, 0xA9, 0x55, 0x86, 0x70, 0xAC, 0x50, 0x81,
    0x75, 0xB0, 0x4B, 0x7C, 0x79, 0xB3, 0x46, 0x76, 0x7E, 0xB7, 0x41, 0x71, 0x82, 0xBA, 0x3C, 0x6B,
    0x7E, 0xBA, 0x3F, 0x6A, 0x79, 0xB7, 0x44, 0x70, 0x75, 0xB4, 0x49, 0x76, 0x70, 0xB0, 0x4F, 0x7B,
    0x6C, 0xAD, 0x54, 0x80, 0x67, 0xAA, 0x5A, 0x86, 0x63, 0xA6, 0x5F, 0x8B, 0x5E, 0xA3, 0x65, 0x90,
    0x5A, 0xA0, 0x6B, 0x95, 0x56, 0x9C, 0x71, 0x9A, 0x51, 0x99, 0x77, 0x9F, 0x4D, 0x96, 0x7D, 0xA4,
    0x49, 0x92, 0x84, 0xA8, 0x44, 0x8F, 0x8A, 0xAD, 0x40, 0x8C, 0x91, 0xB2, 0x3C, 0x88, 0x98, 0xB6,
    0x38, 0x85, 0x9E, 0xBB, 0x34, 0x82, 0xA5, 0xBF, 0x30, 0x7E, 0xAC, 0xC4, 0x2C, 0x7B, 0xB3, 0xC8,
    0x29, 0x78, 0xB9, 0xCC, 0x26, 0x75, 0xBF, 0xD0, 0x22, 0x72, 0xC3, 0xD4, 0x20, 0x6E, 0xC5, 0xD8,
    0x1E, 0x6B, 0xC4, 0xDC, 0x1C, 0x68, 0xBC, 0xE0, 0x1B, 0x65, 0xAC, 0xE4, 0x1B, 0x63, 0x90, 0xE7,
    0x1A, 0x60, 0x6E, 0xEA, 0x18, 0x5E, 0x5C, 0xED, 0x13, 0x5C, 0x84, 0xEF, 0x0D, 0x5B, 0xD9, 0xF0,
    0x0D, 0x5B, 0xD9, 0xF0, 0x13, 0x5C, 0x84, 0xEF, 0x18, 0x5E, 0x5C, 0xED, 0x1A, 0x60, 0x6E, 0xEA,
    0x1B, 0x63, 0x90, 0xE7, 0x1B, 0x65, 0xAC, 0xE4, 0x1C, 0x68, 0xBC, 0xE0, 0x1E, 0x6B, 0xC4, 0xDC,
    0x20, 0x6E, 0xC5, 0xD8, 0x22, 0x72, 0xC3, 0xD4, 0x26, 0x75, 0xBF, 0xD0, 0x29, 0x78, 0xB9, 0xCC,
    0x2C, 0x7B, 0xB3, 0xC8, 0x30, 0x7E, 0xAC, 0xC4, 0x34, 0x82, 0xA5, 0xBF, 0x38, 0x85, 0x9E, 0xBB,
    0x3C, 0x88, 0x98, 0xB6, 0x40, 0x8C, 0x91, 0xB2, 0x44, 0x8F, 0x8A, 0xAD, 0x49, 0x92, 0x84, 0xA8,
    0x4D, 0x96, 0x7D, 0xA4, 0x51, 0x99, 0x77, 0x9F, 0x56, 0x9C, 0x71, 0x9A, 0x5A, 0xA0, 0x6B, 0x95,
    0x5E, 0xA3, 0x65, 0x90, 0x63, 0xA6, 0x5F, 0x8B, 0x67, 0xAA, 0x5A, 0x86, 0x6C, 0xAD, 0x54, 0x80,
    0x70, 0xB0, 0x4F, 0x7B, 0x75, 0xB4, 0x49, 0x76, 0x79, 0xB7, 0x44, 0x70, 0x7E, 0xBA, 0x3F, 0x6A,
    0x79, 0xBB, 0x41, 0x6A, 0x75, 0xB7, 0x46, 0x6F, 0x71, 0xB4, 0x4C, 0x75, 0x6C, 0xB1, 0x51, 0x7A,
    0x68, 0xAD, 0x57, 0x80, 0x64, 0xAA, 0x5D, 0x85, 0x5F, 0xA7, 0x63, 0x8A, 0x5B, 0xA3, 0x69, 0x8F,
    0x57, 0xA0, 0x6F, 0x94, 0x53, 0x9D, 0x75, 0x99, 0x4F, 0x99, 0x7B, 0x9E, 0x4A, 0x96, 0x82, 0xA3,
    0x46, 0x93, 0x88, 0xA7, 0x42, 0x90, 0x8E, 0xAC, 0x3F, 0x8C, 0x95, 0xB1, 0x3B, 0x89, 0x9B, 0xB5,
    0x37, 0x86, 0xA2, 0xBA, 0x34, 0x83, 0xA7, 0xBE, 0x30, 0x7F, 0xAD, 0xC2, 0x2D, 0x7C, 0xB2, 0xC7,
    0x2B, 0x79, 0xB5, 0xCB, 0x28, 0x76, 0xB7, 0xCF, 0x26, 0x73, 0xB7, 0xD3, 0x24, 0x70, 0xB2, 0xD7,
    0x23, 0x6D, 0xA9, 0xDA, 0x23, 0x6A, 0x99, 0xDE, 0x22, 0x67, 0x83, 0xE1, 0x22, 0x65, 0x6A, 0xE4,
    0x20, 0x63, 0x59, 0xE7, 0x1C, 0x61, 0x66, 0xE9, 0x15, 0x5F, 0x9C, 0xEB, 0x10, 0x5F, 0xDA, 0xEC,
    0x10, 0x5F, 0xDA, 0xEC, 0x15, 0x5F, 0x9C, 0xEB, 0x1C, 0x61, 0x66, 0xE9, 0x20, 0x63, 0x59, 0xE7,
    0x22, 0x65, 0x6A, 0xE4, 0x22, 0x67, 0x83, 0xE1, 0x23, 0x6A, 0x99, 0xDE, 0x23, 0x6D, 0xA9, 0xDA,
    0x24, 0x70, 0xB2, 0xD7, 0x26, 0x73, 0xB7, 0xD3, 0x28, 0x76, 0xB7, 0xCF, 0x2B, 0x79, 0xB5, 0xCB,
    0x2D, 0x7C, 0xB2, 0xC7, 0x30, 0x7F, 0xAD, 0xC2, 0x34, 0x83, 0xA7, 0xBE, 0x37, 0x86, 0xA2, 0xBA,
    0x3B, 0x89, 0x9B, 0xB5, 0x3F, 0x8C, 0x95, 0xB1, 0x42, 0x90, 0x8E, 0xAC, 0x46, 0x93, 0x88, 0xA7,
    0x4A, 0x96, 0x82, 0xA3, 0x4F, 0x99, 0x7B, 0x9E, 0x53, 0x9D, 0x75, 0x99, 0x57, 0xA0, 0x6F, 0x94,
    0x5B, 0xA3, 0x69, 0x8F, 0x5F, 0xA7, 0x63, 0x8A, 0x64, 0xAA, 0x5D, 0x85, 0x68, 0xAD, 0x57, 0x80,
    0x6C, 0xB1, 0x51, 0x7A, 0x71, 0xB4, 0x4C, 0x75, 0x75, 0xB7, 0x46, 0x6F, 0x79, 0xBB, 0x41, 0x6A,
    0x76, 0xBB, 0x42, 0x69, 0x72, 0xB8, 0x48, 0x6E, 0x6E, 0xB5, 0x4E, 0x74, 0x69, 0xB1, 0x53, 0x79,
    0x65, 0xAE, 0x59, 0x7F, 0x61, 0xAB, 0x5F, 0x84, 0x5D, 0xA7, 0x65, 0x89, 0x59, 0xA4, 0x6B, 0x8E,
    0x55, 0xA1, 0x71, 0x93, 0x51, 0x9D, 0x77, 0x98, 0x4D, 0x9A, 0x7E, 0x9D, 0x49, 0x97, 0x84, 0xA2,
    0x46, 0x94, 0x8A, 0xA6, 0x42, 0x90, 0x90, 0xAB, 0x3F, 0x8D, 0x95, 0xAF, 0x3B, 0x8A, 0x9B, 0xB4,
    0x38, 0x87, 0xA0, 0xB8, 0x35, 0x84, 0xA4, 0xBC, 0x33, 0x81, 0xA8, 0xC1, 0x30, 0x7D, 0xAA, 0xC5,
    0x2E, 0x7A, 0xAA, 0xC9, 0x2D, 0x77, 0xA8, 0xCD, 0x2C, 0x74, 0xA3, 0xD1, 0x2B, 0x72, 0x99, 0xD4,
    0x2A, 0x6F, 0x8B, 0xD8, 0x2A, 0x6C, 0x7A, 0xDB, 0x29, 0x6A, 0x66, 0xDE, 0x28, 0x67, 0x58, 0xE1,
    0x24, 0x65, 0x5A, 0xE4, 0x1F, 0x64, 0x77, 0xE6, 0x18, 0x63, 0xAB, 0xE7, 0x13, 0x62, 0xD8, 0xE8,
    0x13, 0x62, 0xD8, 0xE8, 0x18, 0x63, 0xAB, 0xE7, 0x1F, 0x64, 0x77, 0xE6, 0x24, 0x65, 0x5A, 0xE4,
    0x28, 0x67, 0x58, 0xE1, 0x29, 0x6A, 0x66, 0xDE, 0x2A, 0x6C, 0x7A, 0xDB, 0x2A, 0x6F, 0x8B, 0xD8,
    0x2B, 0x72, 0x99, 0xD4, 0x2C, 0x74, 0xA3, 0xD1, 0x2D, 0x77, 0xA8, 0xCD, 0x2E, 0x7A, 0xAA, 0xC9,
    0x30, 0x7D, 0xAA, 0xC5, 0x33, 0x81, 0xA8, 0xC1, 0x35, 0x84, 0xA4, 0xBC, 0x38, 0x87, 0xA0, 0xB8,
    0x3B, 0x8A, 0x9B, 0xB4, 0x3F, 0x8D, 0x95, 0xAF, 0x42, 0x90, 0x90, 0xAB, 0x46, 0x94, 0x8A, 0xA6,
    0x49, 0x97, 0x84, 0xA2, 0x4D, 0x9A, 0x7E, 0x9D, 0x51, 0x9D, 0x77, 0x98, 0x55, 0xA1, 0x71, 0x93,
    0x59, 0xA4, 0x6B, 0x8E, 0x5D, 0xA7, 0x65, 0x89, 0x61, 0xAB, 0x5F, 0x84, 0x65, 0xAE, 0x59, 0x7F,
    0x69, 0xB1, 0x53, 0x79, 0x6E, 0xB5, 0x4E, 0x74, 0x72, 0xB8, 0x48, 0x6E, 0x76, 0xBB, 0x42, 0x69,
    0x73, 0xBC, 0x43, 0x68, 0x6F, 0xB9, 0x49, 0x6D, 0x6B, 0xB5, 0x4F, 0x73, 0x67, 0xB2, 0x55, 0x78,
    0x63, 0xAF, 0x5A, 0x7E, 0x5F, 0xAB, 0x60, 0x83, 0x5B, 0xA8, 0x66, 0x88, 0x58, 0xA5, 0x6C, 0x8D,
    0x54, 0xA2, 0x72, 0x92, 0x50, 0x9E, 0x78, 0x97, 0x4D, 0x9B, 0x7E, 0x9C, 0x49, 0x98, 0x83, 0xA0,
    0x46, 0x95, 0x89, 0xA5, 0x43, 0x92, 0x8E, 0xA9, 0x40, 0x8E, 0x93, 0xAE, 0x3D, 0x8B, 0x97, 0xB2,
    0x3B, 0x88, 0x9A, 0xB7, 0x39, 0x85, 0x9D, 0xBB, 0x37, 0x82, 0x9E, 0xBF, 0x35, 0x7F, 0x9D, 0xC3,
    0x34, 0x7C, 0x9A, 0xC7, 0x33, 0x79, 0x95, 0xCB, 0x32, 0x76, 0x8C, 0xCE, 0x32, 0x74, 0x80, 0xD2,
    0x32, 0x71, 0x72, 0xD5, 0x31, 0x6E, 0x62, 0xD8, 0x30, 0x6C, 0x56, 0xDB, 0x2D, 0x6A, 0x54, 0xDE,
    0x28, 0x68, 0x62, 0xE0, 0x21, 0x67, 0x85, 0xE2, 0x1B, 0x66, 0xB3, 0xE3, 0x16, 0x65, 0xD4, 0xE4,
    0x16, 0x65, 0xD4, 0xE4, 0x1B, 0x66, 0xB3, 0xE3, 0x21, 0x67, 0x85, 0xE2, 0x28, 0x68, 0x62, 0xE0,
    0x2D, 0x6A, 0x54, 0xDE, 0x30, 0x6C, 0x56, 0xDB, 0x31, 0x6E, 0x62, 0xD8, 0x32, 0x71, 0x72, 0xD5,
    0x32, 0x74, 0x80, 0xD2, 0x32, 0x76, 0x8C, 0xCE, 0x33, 0x79, 0x95, 0xCB, 0x34, 0x7C, 0x9A, 0xC7,
    0x35, 0x7F, 0x9D, 0xC3, 0x37, 0x82, 0x9E, 0xBF, 0x39, 0x85, 0x9D, 0xBB, 0x3B, 0x88, 0x9A, 0xB7,
    0x3D, 0x8B, 0x97, 0xB2, 0x40, 0x8E, 0x93, 0xAE, 0x43, 0x92, 0x8E, 0xA9, 0x46, 0x95, 0x89, 0xA5,
    0x49, 0x98, 0x83, 0xA0, 0x4D, 0x9B, 0x7E, 0x9C, 0x50, 0x9E, 0x78, 0x97, 0x54, 0xA2, 0x72, 0x92,
    0x58, 0xA5, 0x6C, 0x8D, 0x5B, 0xA8, 0x66, 0x88, 0x5F, 0xAB, 0x60, 0x83, 0x63, 0xAF, 0x5A, 0x7E,
    0x67, 0xB2, 0x55, 0x78, 0x6B, 0xB5, 0x4F, 0x73, 0x6F, 0xB9, 0x49, 0x6D, 0x73, 0xBC, 0x43, 0x68,
    0x72, 0xBD, 0x43, 0x66, 0x6E, 0xB9, 0x49, 0x6C, 0x6A, 0xB6, 0x4F, 0x72, 0x66, 0xB3, 0x55, 0x77,
    0x62, 0xAF, 0x5B, 0x7C, 0x5F, 0xAC, 0x60, 0x81, 0x5B, 0xA9, 0x66, 0x87, 0x58, 0xA6, 0x6C, 0x8C,
    0x54, 0xA3, 0x71, 0x90, 0x51, 0x9F, 0x77, 0x95, 0x4E, 0x9C, 0x7C, 0x9A, 0x4B, 0x99, 0x81, 0x9F,
    0x48, 0x96, 0x85, 0xA3, 0x45, 0x93, 0x8A, 0xA8, 0x43, 0x90, 0x8D, 0xAC, 0x41, 0x8D, 0x90, 0xB0,
    0x3F, 0x89, 0x91, 0xB5, 0x3D, 0x86, 0x92, 0xB9, 0x3C, 0x84, 0x91, 0xBD, 0x3B, 0x81, 0x8D, 0xC1,
    0x3A, 0x7E, 0x88, 0xC5, 0x3A, 0x7B, 0x80, 0xC8, 0x3A, 0x78, 0x76, 0xCC, 0x39, 0x76, 0x6B, 0xCF,
    0x39, 0x73, 0x5E, 0xD2, 0x37, 0x71, 0x54, 0xD5, 0x35, 0x6F, 0x50, 0xD8, 0x31, 0x6D, 0x57, 0xDA,
    0x2B, 0x6B, 0x6D, 0xDC, 0x24, 0x6A, 0x90, 0xDE, 0x1E, 0x69, 0xB6, 0xDF, 0x1A, 0x69, 0xD0, 0xE0,
    0x1A, 0x69, 0xD0, 0xE0, 0x1E, 0x69, 0xB6, 0xDF, 0x24, 0x6A, 0x90, 0xDE, 0x2B, 0x6B, 0x6D, 0xDC,
    0x31, 0x6D, 0x57, 0xDA, 0x35, 0x6F, 0x50, 0xD8, 0x37, 0x71, 0x54, 0xD5, 0x39, 0x73, 0x5E, 0xD2,
    0x39, 0x76, 0x6B, 0xCF, 0x3A, 0x78, 0x76, 0xCC, 0x3A, 0x7B, 0x80, 0xC8, 0x3A, 0x7E, 0x88, 0xC5,
    0x3B, 0x81, 0x8D, 0xC1, 0x3C, 0x84, 0x91, 0xBD, 0x3D, 0x86, 0x92, 0xB9, 0x3F, 0x89, 0x91, 0xB5,
    0x41, 0x8D, 0x90, 0xB0, 0x43, 0x90, 0x8D, 0xAC, 0x45, 0x93, 0x8A, 0xA8, 0x48, 0x96, 0x85, 0xA3,
    0x4B, 0x99, 0x81, 0x9F, 0x4E, 0x9C, 0x7C, 0x9A, 0x51, 0x9F, 0x77, 0x95, 0x54, 0xA3, 0x71, 0x90,
    0x58, 0xA6, 0x6C, 0x8C, 0x5B, 0xA9, 0x66, 0x87, 0x5F, 0xAC, 0x60, 0x81, 0x62, 0xAF, 0x5B, 0x7C,
    0x66, 0xB3, 0x55, 0x77, 0x6A, 0xB6, 0x4F, 0x72, 0x6E, 0xB9, 0x49, 0x6C, 0x72, 0xBD, 0x43, 0x66,
    0x71, 0xBD, 0x43, 0x65, 0x6D, 0xBA, 0x49, 0x6B, 0x69, 0xB7, 0x4E, 0x70, 0x66, 0xB4, 0x54, 0x75,
    0x62, 0xB0, 0x5A, 0x7B, 0x5F, 0xAD, 0x5F, 0x80, 0x5C, 0xAA, 0x65, 0x85, 0x59, 0xA7, 0x6A, 0x8A,
    0x56, 0xA4, 0x6F, 0x8F, 0x53, 0xA0, 0x74, 0x94, 0x50, 0x9D, 0x78, 0x98, 0x4E, 0x9A, 0x7D, 0x9D,
    0x4B, 0x97, 0x80, 0xA1, 0x49, 0x94, 0x83, 0xA6, 0x47, 0x91, 0x85, 0xAA, 0x46, 0x8E, 0x86, 0xAE,
    0x44, 0x8B, 0x86, 0xB2, 0x43, 0x88, 0x85, 0xB7, 0x43, 0x85, 0x82, 0xBA, 0x42, 0x82, 0x7D, 0xBE,
    0x42, 0x80, 0x77, 0xC2, 0x41, 0x7D, 0x6E, 0xC6, 0x41, 0x7A, 0x64, 0xC9, 0x40, 0x78, 0x5A, 0xCC,
    0x3F, 0x76, 0x52, 0xCF, 0x3D, 0x74, 0x4D, 0xD2, 0x39, 0x72, 0x50, 0xD4, 0x34, 0x70, 0x5E, 0xD7,
    0x2E, 0x6E, 0x77, 0xD8, 0x27, 0x6D, 0x97, 0xDA, 0x21, 0x6D, 0xB7, 0xDB, 0x1D, 0x6C, 0xCB, 0xDB,
    0x1D, 0x6C, 0xCB, 0xDB, 0x21, 0x6D, 0xB7, 0xDB, 0x27, 0x6D, 0x97, 0xDA, 0x2E, 0x6E, 0x77, 0xD8,
    0x34, 0x70, 0x5E, 0xD7, 0x39, 0x72, 0x50, 0xD4, 0x3D, 0x74, 0x4D, 0xD2, 0x3F, 0x76, 0x52, 0xCF,
    0x40, 0x78, 0x5A, 0xCC, 0x41, 0x7A, 0x64, 0xC9, 0x41, 0x7D, 0x6E, 0xC6, 0x42, 0x80, 0x77, 0xC2,
    0x42, 0x82, 0x7D, 0xBE, 0x43, 0x85, 0x82, 0xBA, 0x43, 0x88, 0x85, 0xB7, 0x44, 0x8B, 0x86, 0xB2,
    0x46, 0x8E, 0x86, 0xAE, 0x47, 0x91, 0x85, 0xAA, 0x49, 0x94, 0x83, 0xA6, 0x4B, 0x97, 0x80, 0xA1,
    0x4E, 0x9A, 0x7D, 0x9D, 0x50, 0x9D, 0x78, 0x98, 0x53, 0xA0, 0x74, 0x94, 0x56, 0xA4, 0x6F, 0x8F,
    0x59, 0xA7, 0x6A, 0x8A, 0x5C, 0xAA, 0x65, 0x85, 0x5F, 0xAD, 0x5F, 0x80, 0x62, 0xB0, 0x5A, 0x7B,
    0x66, 0xB4, 0x54, 0x75, 0x69, 0xB7, 0x4E, 0x70, 0x6D, 0xBA, 0x49, 0x6B, 0x71, 0xBD, 0x43, 0x65,
    0x71, 0xBE, 0x42, 0x63, 0x6D, 0xBB, 0x48, 0x69, 0x6A, 0xB8, 0x4D, 0x6E, 0x67, 0xB5, 0x53, 0x74,
    0x64, 0xB1, 0x58, 0x79, 0x61, 0xAE, 0x5D, 0x7E, 0x5E, 0xAB, 0x62, 0x83, 0x5B, 0xA8, 0x67, 0x88,
    0x58, 0xA5, 0x6B, 0x8D, 0x56, 0xA2, 0x70, 0x92, 0x54, 0x9F, 0x73, 0x96, 0x52, 0x9C, 0x77, 0x9B,
    0x50, 0x99, 0x79, 0x9F, 0x4E, 0x96, 0x7B, 0xA4, 0x4D, 0x93, 0x7C, 0xA8, 0x4C, 0x90, 0x7C, 0xAC,
    0x4B, 0x8D, 0x7A, 0xB0, 0x4A, 0x8A, 0x78, 0xB4, 0x4A, 0x87, 0x73, 0xB8, 0x49, 0x84, 0x6E, 0xBC,
    0x49, 0x82, 0x67, 0xBF, 0x49, 0x7F, 0x5F, 0xC3, 0x48, 0x7D, 0x56, 0xC6, 0x47, 0x7A, 0x4F, 0xC9,
    0x45, 0x78, 0x4B, 0xCC, 0x41, 0x76, 0x4C, 0xCE, 0x3D, 0x74, 0x54, 0xD1, 0x37, 0x73, 0x65, 0xD3,
    0x30, 0x72, 0x7E, 0xD4, 0x29, 0x71, 0x9B, 0xD6, 0x24, 0x70, 0xB6, 0xD7, 0x21, 0x70, 0xC6, 0xD7,
    0x21, 0x70, 0xC6, 0xD7, 0x24, 0x70, 0xB6, 0xD7, 0x29, 0x71, 0x9B, 0xD6, 0x30, 0x72, 0x7E, 0xD4,
    0x37, 0x73, 0x65, 0xD3, 0x3D, 0x74, 0x54, 0xD1, 0x41, 0x76, 0x4C, 0xCE, 0x45, 0x78, 0x4B, 0xCC,
    0x47, 0x7A, 0x4F, 0xC9, 0x48, 0x7D, 0x56, 0xC6, 0x49, 0x7F, 0x5F, 0xC3, 0x49, 0x82, 0x67, 0xBF,
    0x49, 0x84, 0x6E, 0xBC, 0x4A, 0x87, 0x73, 0xB8, 0x4A, 0x8A, 0x78, 0xB4, 0x4B, 0x8D, 0x7A, 0xB0,
    0x4C, 0x90, 0x7C, 0xAC, 0x4D, 0x93, 0x7C, 0xA8, 0x4E, 0x96, 0x7B, 0xA4, 0x50, 0x99, 0x79, 0x9F,
    0x52, 0x9C, 0x77, 0x9B, 0x54, 0x9F, 0x73, 0x96, 0x56, 0xA2, 0x70, 0x92, 0x58, 0xA5, 0x6B, 0x8D,
    0x5B, 0xA8, 0x67, 0x88, 0x5E, 0xAB, 0x62, 0x83, 0x61, 0xAE, 0x5D, 0x7E, 0x64, 0xB1, 0x58, 0x79,
    0x67, 0xB5, 0x53, 0x74, 0x6A, 0xB8, 0x4D, 0x6E, 0x6D, 0xBB, 0x48, 0x69, 0x71, 0xBE, 0x42, 0x63,
    0x72, 0xBF, 0x40, 0x61, 0x6E, 0xBC, 0x46, 0x67, 0x6B, 0xB9, 0x4B, 0x6D, 0x68, 0xB6, 0x50, 0x72,
    0x66, 0xB3, 0x55, 0x77, 0x63, 0xAF, 0x5A, 0x7C, 0x60, 0xAC, 0x5F, 0x81, 0x5E, 0xA9, 0x63, 0x86,
    0x5C, 0xA6, 0x67, 0x8B, 0x5A, 0xA3, 0x6A, 0x90, 0x58, 0xA0, 0x6D, 0x94, 0x57, 0x9D, 0x70, 0x99,
    0x55, 0x9A, 0x71, 0x9D, 0x54, 0x97, 0x72, 0xA1, 0x53, 0x94, 0x72, 0xA6, 0x52, 0x91, 0x71, 0xAA,
    0x52, 0x8F, 0x6E, 0xAE, 0x51, 0x8C, 0x6B, 0xB1, 0x51, 0x89, 0x66, 0xB5, 0x51, 0x86, 0x60, 0xB9,
    0x50, 0x84, 0x59, 0xBC, 0x50, 0x82, 0x52, 0xBF, 0x4E, 0x7F, 0x4C, 0xC3, 0x4C, 0x7D, 0x48, 0xC6,
    0x49, 0x7B, 0x48, 0xC8, 0x45, 0x79, 0x4D, 0xCB, 0x40, 0x77, 0x59, 0xCD, 0x3A, 0x76, 0x6B, 0xCF,
    0x33, 0x75, 0x83, 0xD0, 0x2C, 0x74, 0x9D, 0xD1, 0x27, 0x73, 0xB4, 0xD2, 0x24, 0x73, 0xC1, 0xD3,
    0x24, 0x73, 0xC1, 0xD3, 0x27, 0x73, 0xB4, 0xD2, 0x2C, 0x74, 0x9D, 0xD1, 0x33, 0x75, 0x83, 0xD0,
    0x3A, 0x76, 0x6B, 0xCF, 0x40, 0x77, 0x59, 0xCD, 0x45, 0x79, 0x4D, 0xCB, 0x49, 0x7B, 0x48, 0xC8,
    0x4C, 0x7D, 0x48, 0xC6, 0x4E, 0x7F, 0x4C, 0xC3, 0x50, 0x82, 0x52, 0xBF, 0x50, 0x84, 0x59, 0xBC,
    0x51, 0x86, 0x60, 0xB9, 0x51, 0x89, 0x66, 0xB5, 0x51, 0x8C, 0x6B, 0xB1, 0x52, 0x8F, 0x6E, 0xAE,
    0x52, 0x91, 0x71, 0xAA, 0x53, 0x94, 0x72, 0xA6, 0x54, 0x97, 0x72, 0xA1, 0x55, 0x9A, 0x71, 0x9D,
    0x57, 0x9D, 0x70, 0x99, 0x58, 0xA0, 0x6D, 0x94, 0x5A, 0xA3, 0x6A, 0x90, 0x5C, 0xA6, 0x67, 0x8B,
    0x5E, 0xA9, 0x63, 0x86, 0x60, 0xAC, 0x5F, 0x81, 0x63, 0xAF, 0x5A, 0x7C, 0x66, 0xB3, 0x55, 0x77,
    0x68, 0xB6, 0x50, 0x72, 0x6B, 0xB9, 0x4B, 0x6D, 0x6E, 0xBC, 0x46, 0x67, 0x72, 0xBF, 0x40, 0x61,
    0x73, 0xC0, 0x3E, 0x5F, 0x70, 0xBD, 0x43, 0x65, 0x6E, 0xBA, 0x48, 0x6B, 0x6B, 0xB7, 0x4D, 0x70,
    0x69, 0xB4, 0x52, 0x75, 0x66, 0xB1, 0x56, 0x7A, 0x64, 0xAE, 0x5A, 0x7F, 0x62, 0xAB, 0x5E, 0x84,
    0x60, 0xA8, 0x61, 0x89, 0x5F, 0xA5, 0x64, 0x8D, 0x5D, 0xA2, 0x66, 0x92, 0x5C, 0x9F, 0x68, 0x96,
    0x5B, 0x9C, 0x69, 0x9B, 0x5A, 0x99, 0x69, 0x9F, 0x5A, 0x96, 0x68, 0xA3, 0x59, 0x93, 0x66, 0xA7,
    0x59, 0x90, 0x62, 0xAB, 0x59, 0x8E, 0x5E, 0xAF, 0x58, 0x8B, 0x5A, 0xB2, 0x58, 0x89, 0x54, 0xB6,
    0x57, 0x86, 0x4E, 0xB9, 0x56, 0x84, 0x49, 0xBC, 0x54, 0x82, 0x46, 0xBF, 0x51, 0x80, 0x45, 0xC2,
    0x4E, 0x7E, 0x48, 0xC5, 0x49, 0x7C, 0x50, 0xC7, 0x43, 0x7A, 0x5D, 0xC9, 0x3C, 0x79, 0x70, 0xCB,
    0x35, 0x78, 0x87, 0xCC, 0x2F, 0x77, 0x9E, 0xCD, 0x2A, 0x77, 0xB1, 0xCE, 0x27, 0x76, 0xBB, 0xCE,
    0x27, 0x76, 0xBB, 0xCE, 0x2A, 0x77, 0xB1, 0xCE, 0x2F, 0x77, 0x9E, 0xCD, 0x35, 0x78, 0x87, 0xCC,
    0x3C, 0x79, 0x70, 0xCB, 0x43, 0x7A, 0x5D, 0xC9, 0x49, 0x7C, 0x50, 0xC7, 0x4E, 0x7E, 0x48, 0xC5,
    0x51, 0x80, 0x45, 0xC2, 0x54, 0x82, 0x46, 0xBF, 0x56, 0x84, 0x49, 0xBC, 0x57, 0x86, 0x4E, 0xB9,
    0x58, 0x89, 0x54, 0xB6, 0x58, 0x8B, 0x5A, 0xB2, 0x59, 0x8E, 0x5E, 0xAF, 0x59, 0x90, 0x62, 0xAB,
    0x59, 0x93, 0x66, 0xA7, 0x5A, 0x96, 0x68, 0xA3, 0x5A, 0x99, 0x69, 0x9F, 0x5B, 0x9C, 0x69, 0x9B,
    0x5C, 0x9F, 0x68, 0x96, 0x5D, 0xA2, 0x66, 0x92, 0x5F, 0xA5, 0x64, 0x8D, 0x60, 0xA8, 0x61, 0x89,
    0x62, 0xAB, 0x5E, 0x84, 0x64, 0xAE, 0x5A, 0x7F, 0x66, 0xB1, 0x56, 0x7A, 0x69, 0xB4, 0x52, 0x75,
    0x6B, 0xB7, 0x4D, 0x70, 0x6E, 0xBA, 0x48, 0x6B, 0x70, 0xBD, 0x43, 0x65, 0x73, 0xC0, 0x3E, 0x5F,
    0x76, 0xC2, 0x3C, 0x5D, 0x73, 0xBE, 0x40, 0x63, 0x71, 0xBB, 0x45, 0x68, 0x6F, 0xB8, 0x4A, 0x6E,
    0x6D, 0xB5, 0x4E, 0x73, 0x6B, 0xB2, 0x52, 0x78, 0x69, 0xAF, 0x55, 0x7D, 0x67, 0xAC, 0x58, 0x82,
    0x66, 0xA9, 0x5B, 0x86, 0x65, 0xA6, 0x5D, 0x8B, 0x64, 0xA3, 0x5F, 0x8F, 0x63, 0xA0, 0x60, 0x94,
    0x62, 0x9D, 0x60, 0x98, 0x61, 0x9B, 0x5F, 0x9C, 0x61, 0x98, 0x5D, 0xA0, 0x61, 0x95, 0x5B, 0xA4,
    0x60, 0x93, 0x58, 0xA8, 0x60, 0x90, 0x54, 0xAC, 0x60, 0x8D, 0x4F, 0xAF, 0x5F, 0x8B, 0x4B, 0xB2,
    0x5E, 0x89, 0x46, 0xB6, 0x5C, 0x86, 0x43, 0xB9, 0x59, 0x84, 0x42, 0xBC, 0x56, 0x82, 0x44, 0xBE,
    0x51, 0x81, 0x49, 0xC1, 0x4C, 0x7F, 0x53, 0xC3, 0x46, 0x7D, 0x62, 0xC5, 0x3F, 0x7C, 0x74, 0xC7,
    0x38, 0x7B, 0x89, 0xC8, 0x32, 0x7A, 0x9D, 0xC9, 0x2D, 0x7A, 0xAD, 0xCA, 0x2B, 0x7A, 0xB6, 0xCA,
    0x2B, 0x7A, 0xB6, 0xCA, 0x2D, 0x7A, 0xAD, 0xCA, 0x32, 0x7A, 0x9D, 0xC9, 0x38, 0x7B, 0x89, 0xC8,
    0x3F, 0x7C, 0x74, 0xC7, 0x46, 0x7D, 0x62, 0xC5, 0x4C, 0x7F, 0x53, 0xC3, 0x51, 0x81, 0x49, 0xC1,
    0x56, 0x82, 0x44, 0xBE, 0x59, 0x84, 0x42, 0xBC, 0x5C, 0x86, 0x43, 0xB9, 0x5E, 0x89, 0x46, 0xB6,
    0x5F, 0x8B, 0x4B, 0xB2, 0x60, 0x8D, 0x4F, 0xAF, 0x60, 0x90, 0x54, 0xAC, 0x60, 0x93, 0x58, 0xA8,
    0x61, 0x95, 0x5B, 0xA4, 0x61, 0x98, 0x5D, 0xA0, 0x61, 0x9B, 0x5F, 0x9C, 0x62, 0x9D, 0x60, 0x98,
    0x63, 0xA0, 0x60, 0x94, 0x64, 0xA3, 0x5F, 0x8F, 0x65, 0xA6, 0x5D, 0x8B, 0x66, 0xA9, 0x5B, 0x86,
    0x67, 0xAC, 0x58, 0x82, 0x69, 0xAF, 0x55, 0x7D, 0x6B, 0xB2, 0x52, 0x78, 0x6D, 0xB5, 0x4E, 0x73,
    0x6F, 0xB8, 0x4A, 0x6E, 0x71, 0xBB, 0x45, 0x68, 0x73, 0xBE, 0x40, 0x63, 0x76, 0xC2, 0x3C, 0x5D,
    0x79, 0xC3, 0x39, 0x5B, 0x77, 0xC0, 0x3D, 0x60, 0x75, 0xBD, 0x41, 0x66, 0x73, 0xBA, 0x46, 0x6B,
    0x71, 0xB7, 0x49, 0x70, 0x70, 0xB4, 0x4D, 0x75, 0x6E, 0xB1, 0x50, 0x7A, 0x6D, 0xAE, 0x53, 0x7F,
    0x6C, 0xAB, 0x55, 0x84, 0x6B, 0xA8, 0x56, 0x88, 0x6A, 0xA5, 0x57, 0x8D, 0x6A, 0xA2, 0x57, 0x91,
    0x69, 0x9F, 0x57, 0x95, 0x69, 0x9D, 0x56, 0x99, 0x68, 0x9A, 0x54, 0x9D, 0x68, 0x97, 0x51, 0xA1,
    0x68, 0x95, 0x4E, 0xA5, 0x67, 0x92, 0x4A, 0xA8, 0x66, 0x90, 0x47, 0xAC, 0x65, 0x8D, 0x43, 0xAF,
    0x64, 0x8B, 0x40, 0xB2, 0x61, 0x89, 0x3F, 0xB5, 0x5E, 0x87, 0x40, 0xB8, 0x5A, 0x85, 0x44, 0xBA,
    0x55, 0x84, 0x4B, 0xBD, 0x4F, 0x82, 0x56, 0xBF, 0x48, 0x81, 0x65, 0xC1, 0x41, 0x7F, 0x77, 0xC2,
    0x3B, 0x7E, 0x8A, 0xC4, 0x35, 0x7E, 0x9B, 0xC5, 0x30, 0x7D, 0xA9, 0xC5, 0x2E, 0x7D, 0xB0, 0xC6,
    0x2E, 0x7D, 0xB0, 0xC6, 0x30, 0x7D, 0xA9, 0xC5, 0x35, 0x7E, 0x9B, 0xC5, 0x3B, 0x7E, 0x8A, 0xC4,
    0x41, 0x7F, 0x77, 0xC2, 0x48, 0x81, 0x65, 0xC1, 0x4F, 0x82, 0x56, 0xBF, 0x55, 0x84, 0x4B, 0xBD,
    0x5A, 0x85, 0x44, 0xBA, 0x5E, 0x87, 0x40, 0xB8, 0x61, 0x89, 0x3F, 0xB5, 0x64, 0x8B, 0x40, 0xB2,
    0x65, 0x8D, 0x43, 0xAF, 0x66, 0x90, 0x47, 0xAC, 0x67, 0x92, 0x4A, 0xA8, 0x68, 0x95, 0x4E, 0xA5,
    0x68, 0x97, 0x51, 0xA1, 0x68, 0x9A, 0x54, 0x9D, 0x69, 0x9D, 0x56, 0x99, 0x69, 0x9F, 0x57, 0x95,
    0x6A, 0xA2, 0x57, 0x91, 0x6A, 0xA5, 0x57, 0x8D, 0x6B, 0xA8, 0x56, 0x88, 0x6C, 0xAB, 0x55, 0x84,
    0x6D, 0xAE, 0x53, 0x7F, 0x6E, 0xB1, 0x50, 0x7A, 0x70, 0xB4, 0x4D, 0x75, 0x71, 0xB7, 0x49, 0x70,
    0x73, 0xBA, 0x46, 0x6B, 0x75, 0xBD, 0x41, 0x66, 0x77, 0xC0, 0x3D, 0x60, 0x79, 0xC3, 0x39, 0x5B,
    0x7D, 0xC4, 0x35, 0x58, 0x7B, 0xC1, 0x39, 0x5E, 0x7A, 0xBE, 0x3D, 0x63, 0x78, 0xBB, 0x41, 0x69,
    0x77, 0xB8, 0x45, 0x6E, 0x75, 0xB5, 0x48, 0x73, 0x74, 0xB2, 0x4A, 0x78, 0x73, 0xAF, 0x4C, 0x7C,
    0x72, 0xAC, 0x4E, 0x81, 0x72, 0xAA, 0x4F, 0x86, 0x71, 0xA7, 0x50, 0x8A, 0x71, 0xA4, 0x50, 0x8E,
    0x70, 0xA1, 0x4F, 0x92, 0x70, 0x9F, 0x4D, 0x96, 0x70, 0x9C, 0x4B, 0x9A, 0x6F, 0x99, 0x49, 0x9E,
    0x6F, 0x97, 0x46, 0xA2, 0x6E, 0x95, 0x43, 0xA5, 0x6D, 0x92, 0x40, 0xA8, 0x6B, 0x90, 0x3D, 0xAC,
    0x69, 0x8E, 0x3C, 0xAF, 0x66, 0x8C, 0x3D, 0xB1, 0x62, 0x8A, 0x3F, 0xB4, 0x5D, 0x88, 0x45, 0xB7,
    0x58, 0x86, 0x4D, 0xB9, 0x52, 0x85, 0x59, 0xBB, 0x4B, 0x84, 0x68, 0xBC, 0x44, 0x83, 0x79, 0xBE,
    0x3D, 0x82, 0x89, 0xBF, 0x38, 0x81, 0x99, 0xC0, 0x34, 0x81, 0xA4, 0xC1, 0x32, 0x80, 0xAB, 0xC1,
    0x32, 0x80, 0xAB, 0xC1, 0x34, 0x81, 0xA4, 0xC1, 0x38, 0x81, 0x99, 0xC0, 0x3D, 0x82, 0x89, 0xBF,
    0x44, 0x83, 0x79, 0xBE, 0x4B, 0x84, 0x68, 0xBC, 0x52, 0x85, 0x59, 0xBB, 0x58, 0x86, 0x4D, 0xB9,
    0x5D, 0x88, 0x45, 0xB7, 0x62, 0x8A, 0x3F, 0xB4, 0x66, 0x8C, 0x3D, 0xB1, 0x69, 0x8E, 0x3C, 0xAF,
    0x6B, 0x90, 0x3D, 0xAC, 0x6D, 0x92, 0x40, 0xA8, 0x6E, 0x95, 0x43, 0xA5, 0x6F, 0x97, 0x46, 0xA2,
    0x6F, 0x99, 0x49, 0x9E, 0x70, 0x9C, 0x4B, 0x9A, 0x70, 0x9F, 0x4D, 0x96, 0x70, 0xA1, 0x4F, 0x92,
    0x71, 0xA4, 0x50, 0x8E, 0x71, 0xA7, 0x50, 0x8A, 0x72, 0xAA, 0x4F, 0x86, 0x72, 0xAC, 0x4E, 0x81,
    0x73, 0xAF, 0x4C, 0x7C, 0x74, 0xB2, 0x4A, 0x78, 0x75, 0xB5, 0x48, 0x73, 0x77, 0xB8, 0x45, 0x6E,
    0x78, 0xBB, 0x41, 0x69, 0x7A, 0xBE, 0x3D, 0x63, 0x7B, 0xC1, 0x39, 0x5E, 0x7D, 0xC4, 0x35, 0x58,
    0x82, 0xC6, 0x32, 0x56, 0x80, 0xC3, 0x36, 0x5B, 0x7F, 0xC0, 0x39, 0x61, 0x7E, 0xBD, 0x3D, 0x66,
    0x7C, 0xBA, 0x40, 0x6B, 0x7B, 0xB7, 0x42, 0x70, 0x7B, 0xB4, 0x45, 0x75, 0x7A, 0xB1, 0x46, 0x7A,
    0x79, 0xAE, 0x48, 0x7E, 0x79, 0xAB, 0x48, 0x83, 0x78, 0xA9, 0x48, 0x87, 0x78, 0xA6, 0x48, 0x8B,
    0x78, 0xA3, 0x47, 0x8F, 0x77, 0xA1, 0x45, 0x93, 0x77, 0x9E, 0x43, 0x97, 0x76, 0x9C, 0x41, 0x9B,
    0x76, 0x99, 0x3F, 0x9E, 0x74, 0x97, 0x3C, 0xA2, 0x73, 0x95, 0x3A, 0xA5, 0x71, 0x93, 0x39, 0xA8,
    0x6E, 0x90, 0x39, 0xAB, 0x6A, 0x8F, 0x3B, 0xAE, 0x66, 0x8D, 0x3F, 0xB0, 0x61, 0x8B, 0x46, 0xB2,
    0x5B, 0x89, 0x4F, 0xB5, 0x54, 0x88, 0x5B, 0xB7, 0x4D, 0x87, 0x6A, 0xB8, 0x47, 0x86, 0x79, 0xBA,
    0x40, 0x85, 0x88, 0xBB, 0x3B, 0x84, 0x96, 0xBC, 0x37, 0x84, 0xA0, 0xBC, 0x35, 0x84, 0xA5, 0xBC,
    0x35, 0x84, 0xA5, 0xBC, 0x37, 0x84, 0xA0, 0xBC, 0x3B, 0x84, 0x96, 0xBC, 0x40, 0x85, 0x88, 0xBB,
    0x47, 0x86, 0x79, 0xBA, 0x4D, 0x87, 0x6A, 0xB8, 0x54, 0x88, 0x5B, 0xB7, 0x5B, 0x89, 0x4F, 0xB5,
    0x61, 0x8B, 0x46, 0xB2, 0x66, 0x8D, 0x3F, 0xB0, 0x6A, 0x8F, 0x3B, 0xAE, 0x6E, 0x90, 0x39, 0xAB,
    0x71, 0x93, 0x39, 0xA8, 0x73, 0x95, 0x3A, 0xA5, 0x74, 0x97, 0x3C, 0xA2, 0x76, 0x99, 0x3F, 0x9E,
    0x76, 0x9C, 0x41, 0x9B, 0x77, 0x9E, 0x43, 0x97, 0x77, 0xA1, 0x45, 0x93, 0x78, 0xA3, 0x47, 0x8F,
    0x78, 0xA6, 0x48, 0x8B, 0x78, 0xA9, 0x48, 0x87, 0x79, 0xAB, 0x48, 0x83, 0x79, 0xAE, 0x48, 0x7E,
    0x7A, 0xB1, 0x46, 0x7A, 0x7B, 0xB4, 0x45, 0x75, 0x7B, 0xB7, 0x42, 0x70, 0x7C, 0xBA, 0x40, 0x6B,
    0x7E, 0xBD, 0x3D, 0x66, 0x7F, 0xC0, 0x39, 0x61, 0x80, 0xC3, 0x36, 0x5B, 0x82, 0xC6, 0x32, 0x56,
    0x87, 0xC7, 0x2E, 0x53, 0x86, 0xC4, 0x31, 0x58, 0x85, 0xC1, 0x35, 0x5E, 0x84, 0xBE, 0x38, 0x63,
    0x83, 0xBB, 0x3B, 0x68, 0x82, 0xB9, 0x3D, 0x6D, 0x81, 0xB6, 0x3F, 0x72, 0x81, 0xB3, 0x40, 0x77,
    0x80, 0xB0, 0x41, 0x7B, 0x80, 0xAD, 0x42, 0x80, 0x80, 0xAB, 0x41, 0x84, 0x7F, 0xA8, 0x41, 0x88,
    0x7F, 0xA6, 0x40, 0x8C, 0x7F, 0xA3, 0x3E, 0x90, 0x7E, 0xA0, 0x3D, 0x94, 0x7D, 0x9E, 0x3B, 0x97,
    0x7C, 0x9C, 0x39, 0x9B, 0x7B, 0x99, 0x37, 0x9E, 0x79, 0x97, 0x36, 0xA1, 0x76, 0x95, 0x36, 0xA4,
    0x73, 0x93, 0x38, 0xA7, 0x6E, 0x91, 0x3B, 0xAA, 0x69, 0x90, 0x40, 0xAC, 0x64, 0x8E, 0x47, 0xAE,
    0x5E, 0x8D, 0x51, 0xB0, 0x57, 0x8B, 0x5D, 0xB2, 0x50, 0x8A, 0x6B, 0xB4, 0x49, 0x89, 0x79, 0xB5,
    0x43, 0x88, 0x86, 0xB6, 0x3E, 0x88, 0x92, 0xB7, 0x3A, 0x87, 0x9B, 0xB8, 0x38, 0x87, 0x9F, 0xB8,
    0x38, 0x87, 0x9F, 0xB8, 0x3A, 0x87, 0x9B, 0xB8, 0x3E, 0x88, 0x92, 0xB7, 0x43, 0x88, 0x86, 0xB6,
    0x49, 0x89, 0x79, 0xB5, 0x50, 0x8A, 0x6B, 0xB4, 0x57, 0x8B, 0x5D, 0xB2, 0x5E, 0x8D, 0x51, 0xB0,
    0x64, 0x8E, 0x47, 0xAE, 0x69, 0x90, 0x40, 0xAC, 0x6E, 0x91, 0x3B, 0xAA, 0x73, 0x93, 0x38, 0xA7,
    0x76, 0x95, 0x36, 0xA4, 0x79, 0x97, 0x36, 0xA1, 0x7B, 0x99, 0x37, 0x9E, 0x7C, 0x9C, 0x39, 0x9B,
    0x7D, 0x9E, 0x3B, 0x97, 0x7E, 0xA0, 0x3D, 0x94, 0x7F, 0xA3, 0x3E, 0x90, 0x7F, 0xA6, 0x40, 0x8C,
    0x7F, 0xA8, 0x41, 0x88, 0x80, 0xAB, 0x41, 0x84, 0x80, 0xAD, 0x42, 0x80, 0x80, 0xB0, 0x41, 0x7B,
    0x81, 0xB3, 0x40, 0x77, 0x81, 0xB6, 0x3F, 0x72, 0x82, 0xB9, 0x3D, 0x6D, 0x83, 0xBB, 0x3B, 0x68,
    0x84, 0xBE, 0x38, 0x63, 0x85, 0xC1, 0x35, 0x5E, 0x86, 0xC4, 0x31, 0x58, 0x87, 0xC7, 0x2E, 0x53,
    0x8D, 0xC9, 0x2A, 0x50, 0x8C, 0xC6, 0x2D, 0x55, 0x8B, 0xC3, 0x30, 0x5B, 0x8A, 0xC0, 0x33, 0x60,
    0x89, 0xBD, 0x36, 0x65, 0x89, 0xBA, 0x38, 0x6A, 0x88, 0xB8, 0x39, 0x6F, 0x88, 0xB5, 0x3A, 0x73,
    0x88, 0xB2, 0x3B, 0x78, 0x87, 0xAF, 0x3B, 0x7C, 0x87, 0xAD, 0x3B, 0x80, 0x87, 0xAA, 0x3A, 0x85,
    0x86, 0xA8, 0x39, 0x89, 0x86, 0xA5, 0x38, 0x8C, 0x85, 0xA3, 0x37, 0x90, 0x84, 0xA0, 0x35, 0x94,
    0x82, 0x9E, 0x34, 0x97, 0x80, 0x9C, 0x33, 0x9A, 0x7E, 0x9A, 0x33, 0x9D, 0x7B, 0x98, 0x34, 0xA0,
    0x77, 0x96, 0x37, 0xA3, 0x72, 0x94, 0x3B, 0xA6, 0x6D, 0x93, 0x41, 0xA8, 0x67, 0x91, 0x49, 0xAA,
    0x60, 0x90, 0x53, 0xAC, 0x59, 0x8E, 0x5E, 0xAE, 0x52, 0x8D, 0x6B, 0xAF, 0x4C, 0x8C, 0x78, 0xB1,
    0x46, 0x8C, 0x84, 0xB2, 0x41, 0x8B, 0x8E, 0xB2, 0x3E, 0x8B, 0x96, 0xB3, 0x3C, 0x8A, 0x9A, 0xB3,
    0x3C, 0x8A, 0x9A, 0xB3, 0x3E, 0x8B, 0x96, 0xB3, 0x41, 0x8B, 0x8E, 0xB2, 0x46, 0x8C, 0x84, 0xB2,
    0x4C, 0x8C, 0x78, 0xB1, 0x52, 0x8D, 0x6B, 0xAF, 0x59, 0x8E, 0x5E, 0xAE, 0x60, 0x90, 0x53, 0xAC,
    0x67, 0x91, 0x49, 0xAA, 0x6D, 0x93, 0x41, 0xA8, 0x72, 0x94, 0x3B, 0xA6, 0x77, 0x96, 0x37, 0xA3,
    0x7B, 0x98, 0x34, 0xA0, 0x7E, 0x9A, 0x33, 0x9D, 0x80, 0x9C, 0x33, 0x9A, 0x82, 0x9E, 0x34, 0x97,
    0x84, 0xA0, 0x35, 0x94, 0x85, 0xA3, 0x37, 0x90, 0x86, 0xA5, 0x38, 0x8C, 0x86, 0xA8, 0x39, 0x89,
    0x87, 0xAA, 0x3A, 0x85, 0x87, 0xAD, 0x3B, 0x80, 0x87, 0xAF, 0x3B, 0x7C, 0x88, 0xB2, 0x3B, 0x78,
    0x88, 0xB5, 0x3A, 0x73, 0x88, 0xB8, 0x39, 0x6F, 0x89, 0xBA, 0x38, 0x6A, 0x89, 0xBD, 0x36, 0x65,
    0x8A, 0xC0, 0x33, 0x60, 0x8B, 0xC3, 0x30, 0x5B, 0x8C, 0xC6, 0x2D, 0x55, 0x8D, 0xC9, 0x2A, 0x50,
    0x93, 0xCB, 0x26, 0x4C, 0x92, 0xC8, 0x29, 0x52, 0x92, 0xC5, 0x2C, 0x57, 0x91, 0xC2, 0x2F, 0x5D,
    0x90, 0xBF, 0x31, 0x62, 0x90, 0xBC, 0x32, 0x67, 0x90, 0xBA, 0x34, 0x6B, 0x8F, 0xB7, 0x35, 0x70,
    0x8F, 0xB4, 0x35, 0x75, 0x8F, 0xB2, 0x35, 0x79, 0x8E, 0xAF, 0x35, 0x7D, 0x8E, 0xAC, 0x35, 0x81,
    0x8D, 0xAA, 0x34, 0x85, 0x8C, 0xA8, 0x33, 0x89, 0x8B, 0xA5, 0x32, 0x8C, 0x8A, 0xA3, 0x31, 0x90,
    0x88, 0xA1, 0x30, 0x93, 0x86, 0x9F, 0x30, 0x96, 0x83, 0x9D, 0x31, 0x99, 0x7F, 0x9B, 0x33, 0x9C,
    0x7B, 0x99, 0x36, 0x9F, 0x76, 0x97, 0x3B, 0xA1, 0x70, 0x96, 0x41, 0xA4, 0x6A, 0x94, 0x4A, 0xA6,
    0x63, 0x93, 0x53, 0xA8, 0x5C, 0x92, 0x5E, 0xA9, 0x55, 0x90, 0x6A, 0xAB, 0x4F, 0x90, 0x76, 0xAC,
    0x49, 0x8F, 0x81, 0xAD, 0x44, 0x8E, 0x8A, 0xAE, 0x41, 0x8E, 0x91, 0xAE, 0x3F, 0x8E, 0x94, 0xAF,
    0x3F, 0x8E, 0x94, 0xAF, 0x41, 0x8E, 0x91, 0xAE, 0x44, 0x8E, 0x8A, 0xAE, 0x49, 0x8F, 0x81, 0xAD,
    0x4F, 0x90, 0x76, 0xAC, 0x55, 0x90, 0x6A, 0xAB, 0x5C, 0x92, 0x5E, 0xA9, 0x63, 0x93, 0x53, 0xA8,
    0x6A, 0x94, 0x4A, 0xA6, 0x70, 0x96, 0x41, 0xA4, 0x76, 0x97, 0x3B, 0xA1, 0x7B, 0x99, 0x36, 0x9F,
    0x7F, 0x9B, 0x33, 0x9C, 0x83, 0x9D, 0x31, 0x99, 0x86, 0x9F, 0x30, 0x96, 0x88, 0xA1, 0x30, 0x93,
    0x8A, 0xA3, 0x31, 0x90, 0x8B, 0xA5, 0x32, 0x8C, 0x8C, 0xA8, 0x33, 0x89, 0x8D, 0xAA, 0x34, 0x85,
    0x8E, 0xAC, 0x35, 0x81, 0x8E, 0xAF, 0x35, 0x7D, 0x8F, 0xB2, 0x35, 0x79, 0x8F, 0xB4, 0x35, 0x75,
    0x8F, 0xB7, 0x35, 0x70, 0x90, 0xBA, 0x34, 0x6B, 0x90, 0xBC, 0x32, 0x67, 0x90, 0xBF, 0x31, 0x62,
    0x91, 0xC2, 0x2F, 0x5D, 0x92, 0xC5, 0x2C, 0x57, 0x92, 0xC8, 0x29, 0x52, 0x93, 0xCB, 0x26, 0x4C,
    0x9A, 0xCC, 0x22, 0x49, 0x99, 0xC9, 0x25, 0x4E, 0x99, 0xC7, 0x28, 0x54, 0x98, 0xC4, 0x2A, 0x59,
    0x98, 0xC1, 0x2C, 0x5E, 0x97, 0xBE, 0x2E, 0x63, 0x97, 0xBC, 0x2F, 0x68, 0x97, 0xB9, 0x30, 0x6D,
    0x96, 0xB6, 0x30, 0x71, 0x96, 0xB4, 0x30, 0x75, 0x96, 0xB1, 0x30, 0x79, 0x95, 0xAF, 0x30, 0x7D,
    0x94, 0xAC, 0x2F, 0x81, 0x93, 0xAA, 0x2E, 0x85, 0x92, 0xA8, 0x2E, 0x89, 0x90, 0xA6, 0x2D, 0x8C,
    0x8D, 0xA3, 0x2D, 0x8F, 0x8B, 0xA1, 0x2E, 0x92, 0x87, 0x9F, 0x2F, 0x95, 0x83, 0x9D, 0x32, 0x98,
    0x7E, 0x9C, 0x36, 0x9B, 0x79, 0x9A, 0x3B, 0x9D, 0x73, 0x99, 0x42, 0x9F, 0x6C, 0x97, 0x4A, 0xA1,
    0x65, 0x96, 0x54, 0xA3, 0x5F, 0x95, 0x5E, 0xA5, 0x58, 0x94, 0x69, 0xA6, 0x51, 0x93, 0x74, 0xA7,
    0x4C, 0x92, 0x7D, 0xA8, 0x47, 0x92, 0x86, 0xA9, 0x44, 0x91, 0x8B, 0xAA, 0x43, 0x91, 0x8E, 0xAA,
    0x43, 0x91, 0x8E, 0xAA, 0x44, 0x91, 0x8B, 0xAA, 0x47, 0x92, 0x86, 0xA9, 0x4C, 0x92, 0x7D, 0xA8,
    0x51, 0x93, 0x74, 0xA7, 0x58, 0x94, 0x69, 0xA6, 0x5F, 0x95, 0x5E, 0xA5, 0x65, 0x96, 0x54, 0xA3,
    0x6C, 0x97, 0x4A, 0xA1, 0x73, 0x99, 0x42, 0x9F, 0x79, 0x9A, 0x3B, 0x9D, 0x7E, 0x9C, 0x36, 0x9B,
    0x83, 0x9D, 0x32, 0x98, 0x87, 0x9F, 0x2F, 0x95, 0x8B, 0xA1, 0x2E, 0x92, 0x8D, 0xA3, 0x2D, 0x8F,
    0x90, 0xA6, 0x2D, 0x8C, 0x92, 0xA8, 0x2E, 0x89, 0x93, 0xAA, 0x2E, 0x85, 0x94, 0xAC, 0x2F, 0x81,
    0x95, 0xAF, 0x30, 0x7D, 0x96, 0xB1, 0x30, 0x79, 0x96, 0xB4, 0x30, 0x75, 0x96, 0xB6, 0x30, 0x71,
    0x97, 0xB9, 0x30, 0x6D, 0x97, 0xBC, 0x2F, 0x68, 0x97, 0xBE, 0x2E, 0x63, 0x98, 0xC1, 0x2C, 0x5E,
    0x98, 0xC4, 0x2A, 0x59, 0x99, 0xC7, 0x28, 0x54, 0x99, 0xC9, 0x25, 0x4E, 0x9A, 0xCC, 0x22, 0x49,
    0xA1, 0xCE, 0x1E, 0x45, 0xA0, 0xCB, 0x21, 0x4B, 0xA0, 0xC8, 0x24, 0x50, 0x9F, 0xC6, 0x26, 0x56,
    0x9F, 0xC3, 0x27, 0x5B, 0x9F, 0xC0, 0x29, 0x60, 0x9E, 0xBE, 0x2A, 0x64, 0x9E, 0xBB, 0x2B, 0x69,
    0x9E, 0xB9, 0x2B, 0x6D, 0x9D, 0xB6, 0x2B, 0x72, 0x9D, 0xB4, 0x2B, 0x76, 0x9C, 0xB1, 0x2B, 0x7A,
    0x9B, 0xAF, 0x2B, 0x7D, 0x99, 0xAC, 0x2A, 0x81, 0x97, 0xAA, 0x2A, 0x85, 0x95, 0xA8, 0x2A, 0x88,
    0x92, 0xA6, 0x2B, 0x8B, 0x8F, 0xA4, 0x2C, 0x8E, 0x8B, 0xA2, 0x2E, 0x91, 0x87, 0xA0, 0x31, 0x94,
    0x82, 0x9F, 0x36, 0x96, 0x7C, 0x9D, 0x3B, 0x99, 0x76, 0x9C, 0x42, 0x9B, 0x6F, 0x9A, 0x4A, 0x9D,
    0x68, 0x99, 0x53, 0x9F, 0x61, 0x98, 0x5D, 0xA0, 0x5A, 0x97, 0x67, 0xA2, 0x54, 0x96, 0x71, 0xA3,
    0x4F, 0x96, 0x7A, 0xA4, 0x4B, 0x95, 0x81, 0xA4, 0x48, 0x95, 0x86, 0xA5, 0x46, 0x95, 0x89, 0xA5,
    0x46, 0x95, 0x89, 0xA5, 0x48, 0x95, 0x86, 0xA5, 0x4B, 0x95, 0x81, 0xA4, 0x4F, 0x96, 0x7A, 0xA4,
    0x54, 0x96, 0x71, 0xA3, 0x5A, 0x97, 0x67, 0xA2, 0x61, 0x98, 0x5D, 0xA0, 0x68, 0x99, 0x53, 0x9F,
    0x6F, 0x9A, 0x4A, 0x9D, 0x76, 0x9C, 0x42, 0x9B, 0x7C, 0x9D, 0x3B, 0x99, 0x82, 0x9F, 0x36, 0x96,
    0x87, 0xA0, 0x31, 0x94, 0x8B, 0xA2, 0x2E, 0x91, 0x8F, 0xA4, 0x2C, 0x8E, 0x92, 0xA6, 0x2B, 0x8B,
    0x95, 0xA8, 0x2A, 0x88, 0x97, 0xAA, 0x2A, 0x85, 0x99, 0xAC, 0x2A, 0x81, 0x9B, 0xAF, 0x2B, 0x7D,
    0x9C, 0xB1, 0x2B, 0x7A, 0x9D, 0xB4, 0x2B, 0x76, 0x9D, 0xB6, 0x2B, 0x72, 0x9E, 0xB9, 0x2B, 0x6D,
    0x9E, 0xBB, 0x2B, 0x69, 0x9E, 0xBE, 0x2A, 0x64, 0x9F, 0xC0, 0x29, 0x60, 0x9F, 0xC3, 0x27, 0x5B,
    0x9F, 0xC6, 0x26, 0x56, 0xA0, 0xC8, 0x24, 0x50, 0xA0, 0xCB, 0x21, 0x4B, 0xA1, 0xCE, 0x1E, 0x45,
    0xA8, 0xD0, 0x1B, 0x41, 0xA7, 0xCD, 0x1D, 0x47, 0xA7, 0xCA, 0x20, 0x4C, 0xA7, 0xC8, 0x22, 0x52,
    0xA6, 0xC5, 0x23, 0x57, 0xA6, 0xC2, 0x25, 0x5C, 0xA6, 0xC0, 0x26, 0x60, 0xA5, 0xBD, 0x26, 0x65,
    0xA5, 0xBB, 0x27, 0x69, 0xA4, 0xB8, 0x27, 0x6E, 0xA3, 0xB6, 0x27, 0x72, 0xA2, 0xB4, 0x27, 0x76,
    0xA1, 0xB1, 0x27, 0x79, 0x9F, 0xAF, 0x27, 0x7D, 0x9D, 0xAD, 0x27, 0x80, 0x9A, 0xAB, 0x28, 0x84,
    0x97, 0xA9, 0x29, 0x87, 0x93, 0xA7, 0x2B, 0x8A, 0x8F, 0xA5, 0x2D, 0x8D, 0x8A, 0xA3, 0x31, 0x8F,
    0x85, 0xA2, 0x36, 0x92, 0x7F, 0xA0, 0x3B, 0x94, 0x78, 0x9F, 0x42, 0x96, 0x71, 0x9D, 0x4A, 0x98,
    0x6B, 0x9C, 0x53, 0x9A, 0x64, 0x9B, 0x5C, 0x9C, 0x5D, 0x9A, 0x65, 0x9D, 0x57, 0x99, 0x6E, 0x9E,
    0x52, 0x99, 0x76, 0x9F, 0x4E, 0x98, 0x7C, 0xA0, 0x4B, 0x98, 0x81, 0xA0, 0x4A, 0x98, 0x83, 0xA0,
    0x4A, 0x98, 0x83, 0xA0, 0x4B, 0x98, 0x81, 0xA0, 0x4E, 0x98, 0x7C, 0xA0, 0x52, 0x99, 0x76, 0x9F,
    0x57, 0x99, 0x6E, 0x9E, 0x5D, 0x9A, 0x65, 0x9D, 0x64, 0x9B, 0x5C, 0x9C, 0x6B, 0x9C, 0x53, 0x9A,
    0x71, 0x9D, 0x4A, 0x98, 0x78, 0x9F, 0x42, 0x96, 0x7F, 0xA0, 0x3B, 0x94, 0x85, 0xA2, 0x36, 0x92,
    0x8A, 0xA3, 0x31, 0x8F, 0x8F, 0xA5, 0x2D, 0x8D, 0x93, 0xA7, 0x2B, 0x8A, 0x97, 0xA9, 0x29, 0x87,
    0x9A, 0xAB, 0x28, 0x84, 0x9D, 0xAD, 0x27, 0x80, 0x9F, 0xAF, 0x27, 0x7D, 0xA1, 0xB1, 0x27, 0x79,
    0xA2, 0xB4, 0x27, 0x76, 0xA3, 0xB6, 0x27, 0x72, 0xA4, 0xB8, 0x27, 0x6E, 0xA5, 0xBB, 0x27, 0x69,
    0xA5, 0xBD, 0x26, 0x65, 0xA6, 0xC0, 0x26, 0x60, 0xA6, 0xC2, 0x25, 0x5C, 0xA6, 0xC5, 0x23, 0x57,
    0xA7, 0xC8, 0x22, 0x52, 0xA7, 0xCA, 0x20, 0x4C, 0xA7, 0xCD, 0x1D, 0x47, 0xA8, 0xD0, 0x1B, 0x41,
    0xAF, 0xD2, 0x17, 0x3D, 0xAF, 0xCF, 0x1A, 0x43, 0xAE, 0xCC, 0x1C, 0x48, 0xAE, 0xCA, 0x1E, 0x4E,
    0xAE, 0xC7, 0x1F, 0x53, 0xAD, 0xC5, 0x21, 0x58, 0xAD, 0xC2, 0x21, 0x5C, 0xAC, 0xC0, 0x22, 0x61,
    0xAC, 0xBD, 0x23, 0x65, 0xAB, 0xBB, 0x23, 0x6A, 0xAA, 0xB8, 0x23, 0x6E, 0xA9, 0xB6, 0x23, 0x72,
    0xA7, 0xB4, 0x24, 0x75, 0xA5, 0xB2, 0x24, 0x79, 0xA2, 0xAF, 0x25, 0x7C, 0x9F, 0xAD, 0x26, 0x80,
    0x9C, 0xAB, 0x27, 0x83, 0x98, 0xAA, 0x29, 0x86, 0x93, 0xA8, 0x2C, 0x88, 0x8E, 0xA6, 0x30, 0x8B,
    0x88, 0xA5, 0x35, 0x8D, 0x82, 0xA3, 0x3B, 0x90, 0x7B, 0xA2, 0x42, 0x92, 0x74, 0xA0, 0x49, 0x94,
    0x6D, 0x9F, 0x52, 0x95, 0x66, 0x9E, 0x5A, 0x97, 0x60, 0x9D, 0x63, 0x98, 0x5A, 0x9D, 0x6B, 0x99,
    0x55, 0x9C, 0x72, 0x9A, 0x51, 0x9C, 0x77, 0x9B, 0x4E, 0x9B, 0x7B, 0x9B, 0x4D, 0x9B, 0x7D, 0x9B,
    0x4D, 0x9B, 0x7D, 0x9B, 0x4E, 0x9B, 0x7B, 0x9B, 0x51, 0x9C, 0x77, 0x9B, 0x55, 0x9C, 0x72, 0x9A,
    0x5A, 0x9D, 0x6B, 0x99, 0x60, 0x9D, 0x63, 0x98, 0x66, 0x9E, 0x5A, 0x97, 0x6D, 0x9F, 0x52, 0x95,
    0x74, 0xA0, 0x49, 0x94, 0x7B, 0xA2, 0x42, 0x92, 0x82, 0xA3, 0x3B, 0x90, 0x88, 0xA5, 0x35, 0x8D,
    0x8E, 0xA6, 0x30, 0x8B, 0x93, 0xA8, 0x2C, 0x88, 0x98, 0xAA, 0x29, 0x86, 0x9C, 0xAB, 0x27, 0x83,
    0x9F, 0xAD, 0x26, 0x80, 0xA2, 0xAF, 0x25, 0x7C, 0xA5, 0xB2, 0x24, 0x79, 0xA7, 0xB4, 0x24, 0x75,
    0xA9, 0xB6, 0x23, 0x72, 0xAA, 0xB8, 0x23, 0x6E, 0xAB, 0xBB, 0x23, 0x6A, 0xAC, 0xBD, 0x23, 0x65,
    0xAC, 0xC0, 0x22, 0x61, 0xAD, 0xC2, 0x21, 0x5C, 0xAD, 0xC5, 0x21, 0x58, 0xAE, 0xC7, 0x1F, 0x53,
    0xAE, 0xCA, 0x1E, 0x4E, 0xAE, 0xCC, 0x1C, 0x48, 0xAF, 0xCF, 0x1A, 0x43, 0xAF, 0xD2, 0x17, 0x3D,
    0xB6, 0xD4, 0x14, 0x39, 0xB6, 0xD1, 0x16, 0x3E, 0xB6, 0xCE, 0x18, 0x44, 0xB5, 0xCC, 0x1A, 0x4A,
    0xB5, 0xC9, 0x1C, 0x4F, 0xB5, 0xC7, 0x1D, 0x54, 0xB4, 0xC4, 0x1E, 0x58, 0xB3, 0xC2, 0x1F, 0x5D,
    0xB3, 0xBF, 0x1F, 0x61, 0xB2, 0xBD, 0x20, 0x65, 0xB0, 0xBB, 0x20, 0x69, 0xAF, 0xB9, 0x20, 0x6D,
    0xAD, 0xB6, 0x21, 0x71, 0xAA, 0xB4, 0x21, 0x75, 0xA7, 0xB2, 0x22, 0x78, 0xA4, 0xB0, 0x24, 0x7B,
    0xA0, 0xAE, 0x26, 0x7E, 0x9B, 0xAC, 0x28, 0x81, 0x96, 0xAB, 0x2C, 0x84, 0x91, 0xA9, 0x30, 0x86,
    0x8B, 0xA8, 0x35, 0x89, 0x84, 0xA6, 0x3B, 0x8B, 0x7E, 0xA5, 0x41, 0x8D, 0x77, 0xA4, 0x48, 0x8F,
    0x70, 0xA3, 0x50, 0x90, 0x69, 0xA2, 0x58, 0x92, 0x63, 0xA1, 0x60, 0x93, 0x5D, 0xA0, 0x67, 0x94,
    0x58, 0xA0, 0x6D, 0x95, 0x54, 0x9F, 0x72, 0x96, 0x52, 0x9F, 0x76, 0x96, 0x50, 0x9F, 0x78, 0x96,
    0x50, 0x9F, 0x78, 0x96, 0x52, 0x9F, 0x76, 0x96, 0x54, 0x9F, 0x72, 0x96, 0x58, 0xA0, 0x6D, 0x95,
    0x5D, 0xA0, 0x67, 0x94, 0x63, 0xA1, 0x60, 0x93, 0x69, 0xA2, 0x58, 0x92, 0x70, 0xA3, 0x50, 0x90,
    0x77, 0xA4, 0x48, 0x8F, 0x7E, 0xA5, 0x41, 0x8D, 0x84, 0xA6, 0x3B, 0x8B, 0x8B, 0xA8, 0x35, 0x89,
    0x91, 0xA9, 0x30, 0x86, 0x96, 0xAB, 0x2C, 0x84, 0x9B, 0xAC, 0x28, 0x81, 0xA0, 0xAE, 0x26, 0x7E,
    0xA4, 0xB0, 0x24, 0x7B, 0xA7, 0xB2, 0x22, 0x78, 0xAA, 0xB4, 0x21, 0x75, 0xAD, 0xB6, 0x21, 0x71,
    0xAF, 0xB9, 0x20, 0x6D, 0xB0, 0xBB, 0x20, 0x69, 0xB2, 0xBD, 0x20, 0x65, 0xB3, 0xBF, 0x1F, 0x61,
    0xB3, 0xC2, 0x1F, 0x5D, 0xB4, 0xC4, 0x1E, 0x58, 0xB5, 0xC7, 0x1D, 0x54, 0xB5, 0xC9, 0x1C, 0x4F,
    0xB5, 0xCC, 0x1A, 0x4A, 0xB6, 0xCE, 0x18, 0x44, 0xB6, 0xD1, 0x16, 0x3E, 0xB6, 0xD4, 0x14, 0x39,
    0xBE, 0xD6, 0x11, 0x34, 0xBD, 0xD3, 0x13, 0x3A, 0xBD, 0xD1, 0x15, 0x40, 0xBD, 0xCE, 0x17, 0x45,
    0xBC, 0xCC, 0x18, 0x4A, 0xBC, 0xC9, 0x19, 0x4F, 0xBB, 0xC7, 0x1A, 0x54, 0xBA, 0xC4, 0x1B, 0x58,
    0xB9, 0xC2, 0x1C, 0x5D, 0xB8, 0xC0, 0x1C, 0x61, 0xB6, 0xBD, 0x1D, 0x65, 0xB4, 0xBB, 0x1E, 0x69,
    0xB2, 0xB9, 0x1E, 0x6D, 0xAF, 0xB7, 0x1F, 0x70, 0xAC, 0xB5, 0x21, 0x73, 0xA8, 0xB3, 0x22, 0x77,
    0xA4, 0xB1, 0x24, 0x7A, 0x9F, 0xAF, 0x27, 0x7C, 0x9A, 0xAE, 0x2B, 0x7F, 0x94, 0xAC, 0x2F, 0x82,
    0x8E, 0xAB, 0x34, 0x84, 0x87, 0xA9, 0x3A, 0x86, 0x80, 0xA8, 0x40, 0x88, 0x79, 0xA7, 0x47, 0x8A,
    0x72, 0xA6, 0x4E, 0x8C, 0x6C, 0xA5, 0x55, 0x8D, 0x66, 0xA4, 0x5C, 0x8E, 0x60, 0xA3, 0x63, 0x8F,
    0x5B, 0xA3, 0x69, 0x90, 0x58, 0xA2, 0x6D, 0x91, 0x55, 0xA2, 0x70, 0x91, 0x54, 0xA2, 0x72, 0x91,
    0x54, 0xA2, 0x72, 0x91, 0x55, 0xA2, 0x70, 0x91, 0x58, 0xA2, 0x6D, 0x91, 0x5B, 0xA3, 0x69, 0x90,
    0x60, 0xA3, 0x63, 0x8F, 0x66, 0xA4, 0x5C, 0x8E, 0x6C, 0xA5, 0x55, 0x8D, 0x72, 0xA6, 0x4E, 0x8C,
    0x79, 0xA7, 0x47, 0x8A, 0x80, 0xA8, 0x40, 0x88, 0x87, 0xA9, 0x3A, 0x86, 0x8E, 0xAB, 0x34, 0x84,
    0x94, 0xAC, 0x2F, 0x82, 0x9A, 0xAE, 0x2B, 0x7F, 0x9F, 0xAF, 0x27, 0x7C, 0xA4, 0xB1, 0x24, 0x7A,
    0xA8, 0xB3, 0x22, 0x77, 0xAC, 0xB5, 0x21, 0x73, 0xAF, 0xB7, 0x1F, 0x70, 0xB2, 0xB9, 0x1E, 0x6D,
    0xB4, 0xBB, 0x1E, 0x69, 0xB6, 0xBD, 0x1D, 0x65, 0xB8, 0xC0, 0x1C, 0x61, 0xB9, 0xC2, 0x1C, 0x5D,
    0xBA, 0xC4, 0x1B, 0x58, 0xBB, 0xC7, 0x1A, 0x54, 0xBC, 0xC9, 0x19, 0x4F, 0xBC, 0xCC, 0x18, 0x4A,
    0xBD, 0xCE, 0x17, 0x45, 0xBD, 0xD1, 0x15, 0x40, 0xBD, 0xD3, 0x13, 0x3A, 0xBE, 0xD6, 0x11, 0x34,
    0xC5, 0xD8, 0x0E, 0x2F, 0xC5, 0xD5, 0x10, 0x35, 0xC4, 0xD3, 0x12, 0x3B, 0xC4, 0xD0, 0x13, 0x40,
    0xC3, 0xCE, 0x15, 0x46, 0xC3, 0xCB, 0x16, 0x4B, 0xC2, 0xC9, 0x17, 0x4F, 0xC1, 0xC7, 0x18, 0x54,
    0xBF, 0xC4, 0x19, 0x58, 0xBE, 0xC2, 0x1A, 0x5C, 0xBC, 0xC0, 0x1A, 0x60, 0xBA, 0xBE, 0x1B, 0x64,
    0xB7, 0xBC, 0x1C, 0x68, 0xB4, 0xBA, 0x1D, 0x6B, 0xB0, 0xB8, 0x1F, 0x6F, 0xAC, 0xB6, 0x21, 0x72,
    0xA7, 0xB4, 0x23, 0x75, 0xA2, 0xB2, 0x26, 0x78, 0x9D, 0xB1, 0x2A, 0x7A, 0x97, 0xAF, 0x2E, 0x7D,
    0x90, 0xAE, 0x33, 0x7F, 0x8A, 0xAC, 0x39, 0x81, 0x83, 0xAB, 0x3F, 0x83, 0x7C, 0xAA, 0x45, 0x85,
    0x75, 0xA9, 0x4C, 0x87, 0x6E, 0xA8, 0x52, 0x88, 0x68, 0xA7, 0x59, 0x89, 0x63, 0xA7, 0x5F, 0x8A,
    0x5E, 0xA6, 0x64, 0x8B, 0x5B, 0xA6, 0x68, 0x8C, 0x58, 0xA6, 0x6B, 0x8C, 0x57, 0xA5, 0x6C, 0x8C,
    0x57, 0xA5, 0x6C, 0x8C, 0x58, 0xA6, 0x6B, 0x8C, 0x5B, 0xA6, 0x68, 0x8C, 0x5E, 0xA6, 0x64, 0x8B,
    0x63, 0xA7, 0x5F, 0x8A, 0x68, 0xA7, 0x59, 0x89, 0x6E, 0xA8, 0x52, 0x88, 0x75, 0xA9, 0x4C, 0x87,
    0x7C, 0xAA, 0x45, 0x85, 0x83, 0xAB, 0x3F, 0x83, 0x8A, 0xAC, 0x39, 0x81, 0x90, 0xAE, 0x33, 0x7F,
    0x97, 0xAF, 0x2E, 0x7D, 0x9D, 0xB1, 0x2A, 0x7A, 0xA2, 0xB2, 0x26, 0x78, 0xA7, 0xB4, 0x23, 0x75,
    0xAC, 0xB6, 0x21, 0x72, 0xB0, 0xB8, 0x1F, 0x6F, 0xB4, 0xBA, 0x1D, 0x6B, 0xB7, 0xBC, 0x1C, 0x68,
    0xBA, 0xBE, 0x1B, 0x64, 0xBC, 0xC0, 0x1A, 0x60, 0xBE, 0xC2, 0x1A, 0x5C, 0xBF, 0xC4, 0x19, 0x58,
    0xC1, 0xC7, 0x18, 0x54, 0xC2, 0xC9, 0x17, 0x4F, 0xC3, 0xCB, 0x16, 0x4B, 0xC3, 0xCE, 0x15, 0x46,
    0xC4, 0xD0, 0x13, 0x40, 0xC4, 0xD3, 0x12, 0x3B, 0xC5, 0xD5, 0x10, 0x35, 0xC5, 0xD8, 0x0E, 0x2F,
    0xCC, 0xDA, 0x0B, 0x29, 0xCC, 0xD8, 0x0D, 0x30, 0xCC, 0xD5, 0x0F, 0x36, 0xCB, 0xD3, 0x11, 0x3B,
    0xCA, 0xD0, 0x12, 0x41, 0xC9, 0xCE, 0x13, 0x46, 0xC8, 0xCB, 0x14, 0x4B, 0xC7, 0xC9, 0x15, 0x4F,
    0xC6, 0xC7, 0x16, 0x54, 0xC4, 0xC5, 0x17, 0x58, 0xC1, 0xC2, 0x18, 0x5C, 0xBF, 0xC0, 0x19, 0x60,
    0xBC, 0xBE, 0x1A, 0x63, 0xB8, 0xBC, 0x1C, 0x67, 0xB4, 0xBA, 0x1D, 0x6A, 0xB0, 0xB9, 0x1F, 0x6D,
    0xAB, 0xB7, 0x22, 0x70, 0xA6, 0xB5, 0x25, 0x73, 0xA0, 0xB4, 0x29, 0x75, 0x9A, 0xB2, 0x2D, 0x78,
    0x93, 0xB1, 0x32, 0x7A, 0x8C, 0xAF, 0x37, 0x7C, 0x85, 0xAE, 0x3D, 0x7E, 0x7E, 0xAD, 0x43, 0x80,
    0x78, 0xAC, 0x49, 0x81, 0x71, 0xAB, 0x4F, 0x83, 0x6B, 0xAB, 0x55, 0x84, 0x66, 0xAA, 0x5B, 0x85,
    0x62, 0xAA, 0x5F, 0x86, 0x5E, 0xA9, 0x63, 0x86, 0x5C, 0xA9, 0x65, 0x87, 0x5B, 0xA9, 0x67, 0x87,
    0x5B, 0xA9, 0x67, 0x87, 0x5C, 0xA9, 0x65, 0x87, 0x5E, 0xA9, 0x63, 0x86, 0x62, 0xAA, 0x5F, 0x86,
    0x66, 0xAA, 0x5B, 0x85, 0x6B, 0xAB, 0x55, 0x84, 0x71, 0xAB, 0x4F, 0x83, 0x78, 0xAC, 0x49, 0x81,
    0x7E, 0xAD, 0x43, 0x80, 0x85, 0xAE, 0x3D, 0x7E, 0x8C, 0xAF, 0x37, 0x7C, 0x93, 0xB1, 0x32, 0x7A,
    0x9A, 0xB2, 0x2D, 0x78, 0xA0, 0xB4, 0x29, 0x75, 0xA6, 0xB5, 0x25, 0x73, 0xAB, 0xB7, 0x22, 0x70,
    0xB0, 0xB9, 0x1F, 0x6D, 0xB4, 0xBA, 0x1D, 0x6A, 0xB8, 0xBC, 0x1C, 0x67, 0xBC, 0xBE, 0x1A, 0x63,
    0xBF, 0xC0, 0x19, 0x60, 0xC1, 0xC2, 0x18, 0x5C, 0xC4, 0xC5, 0x17, 0x58, 0xC6, 0xC7, 0x16, 0x54,
    0xC7, 0xC9, 0x15, 0x4F, 0xC8, 0xCB, 0x14, 0x4B, 0xC9, 0xCE, 0x13, 0x46, 0xCA, 0xD0, 0x12, 0x41,
    0xCB, 0xD3, 0x11, 0x3B, 0xCC, 0xD5, 0x0F, 0x36, 0xCC, 0xD8, 0x0D, 0x30, 0xCC, 0xDA, 0x0B, 0x29,
    0xD4, 0xDC, 0x08, 0x24, 0xD3, 0xDA, 0x0A, 0x2A, 0xD3, 0xD7, 0x0C, 0x30, 0xD2, 0xD5, 0x0E, 0x36,
    0xD1, 0xD2, 0x0F, 0x3C, 0xD0, 0xD0, 0x11, 0x41, 0xCF, 0xCE, 0x12, 0x46, 0xCD, 0xCC, 0x13, 0x4A,
    0xCB, 0xC9, 0x14, 0x4F, 0xC9, 0xC7, 0x15, 0x53, 0xC7, 0xC5, 0x16, 0x57, 0xC4, 0xC3, 0x17, 0x5B,
    0xC0, 0xC1, 0x18, 0x5E, 0xBD, 0xBF, 0x1A, 0x62, 0xB8, 0xBD, 0x1C, 0x65, 0xB4, 0xBB, 0x1E, 0x68,
    0xAE, 0xBA, 0x21, 0x6B, 0xA9, 0xB8, 0x24, 0x6E, 0xA3, 0xB7, 0x28, 0x70, 0x9C, 0xB5, 0x2C, 0x73,
    0x96, 0xB4, 0x30, 0x75, 0x8F, 0xB3, 0x36, 0x77, 0x88, 0xB1, 0x3B, 0x79, 0x81, 0xB0, 0x41, 0x7B,
    0x7A, 0xAF, 0x46, 0x7C, 0x74, 0xAF, 0x4C, 0x7E, 0x6E, 0xAE, 0x51, 0x7F, 0x69, 0xAD, 0x56, 0x80,
    0x65, 0xAD, 0x5A, 0x80, 0x62, 0xAC, 0x5D, 0x81, 0x5F, 0xAC, 0x60, 0x81, 0x5E, 0xAC, 0x61, 0x82,
    0x5E, 0xAC, 0x61, 0x82, 0x5F, 0xAC, 0x60, 0x81, 0x62, 0xAC, 0x5D, 0x81, 0x65, 0xAD, 0x5A, 0x80,
    0x69, 0xAD, 0x56, 0x80, 0x6E, 0xAE, 0x51, 0x7F, 0x74, 0xAF, 0x4C, 0x7E, 0x7A, 0xAF, 0x46, 0x7C,
    0x81, 0xB0, 0x41, 0x7B, 0x88, 0xB1, 0x3B, 0x79, 0x8F, 0xB3, 0x36, 0x77, 0x96, 0xB4, 0x30, 0x75,
    0x9C, 0xB5, 0x2C, 0x73, 0xA3, 0xB7, 0x28, 0x70, 0xA9, 0xB8, 0x24, 0x6E, 0xAE, 0xBA, 0x21, 0x6B,
    0xB4, 0xBB, 0x1E, 0x68, 0xB8, 0xBD, 0x1C, 0x65, 0xBD, 0xBF, 0x1A, 0x62, 0xC0, 0xC1, 0x18, 0x5E,
    0xC4, 0xC3, 0x17, 0x5B, 0xC7, 0xC5, 0x16, 0x57, 0xC9, 0xC7, 0x15, 0x53, 0xCB, 0xC9, 0x14, 0x4F,
    0xCD, 0xCC, 0x13, 0x4A, 0xCF, 0xCE, 0x12, 0x46, 0xD0, 0xD0, 0x11, 0x41, 0xD1, 0xD2, 0x0F, 0x3C,
    0xD2, 0xD5, 0x0E, 0x36, 0xD3, 0xD7, 0x0C, 0x30, 0xD3, 0xDA, 0x0A, 0x2A, 0xD4, 0xDC, 0x08, 0x24,
    0xDB, 0xDF, 0x06, 0x1D, 0xDA, 0xDC, 0x08, 0x24, 0xDA, 0xDA, 0x0A, 0x2B, 0xD9, 0xD7, 0x0B, 0x31,
    0xD8, 0xD5, 0x0D, 0x36, 0xD6, 0xD3, 0x0E, 0x3B, 0xD5, 0xD0, 0x0F, 0x40, 0xD3, 0xCE, 0x10, 0x45,
    0xD1, 0xCC, 0x12, 0x4A, 0xCF, 0xCA, 0x13, 0x4E, 0xCC, 0xC8, 0x14, 0x52, 0xC8, 0xC6, 0x15, 0x56,
    0xC5, 0xC4, 0x17, 0x59, 0xC1, 0xC2, 0x18, 0x5D, 0xBC, 0xC0, 0x1A, 0x60, 0xB7, 0xBE, 0x1D, 0x63,
    0xB2, 0xBD, 0x1F, 0x66, 0xAC, 0xBB, 0x23, 0x69, 0xA6, 0xBA, 0x26, 0x6B, 0x9F, 0xB8, 0x2A, 0x6E,
    0x98, 0xB7, 0x2F, 0x70, 0x91, 0xB6, 0x34, 0x72, 0x8A, 0xB5, 0x39, 0x74, 0x84, 0xB4, 0x3E, 0x75,
    0x7D, 0xB3, 0x43, 0x77, 0x77, 0xB2, 0x48, 0x78, 0x71, 0xB1, 0x4D, 0x79, 0x6C, 0xB1, 0x51, 0x7A,
    0x68, 0xB0, 0x55, 0x7B, 0x65, 0xB0, 0x58, 0x7C, 0x63, 0xB0, 0x5A, 0x7C, 0x62, 0xAF, 0x5B, 0x7C,
    0x62, 0xAF, 0x5B, 0x7C, 0x63, 0xB0, 0x5A, 0x7C, 0x65, 0xB0, 0x58, 0x7C, 0x68, 0xB0, 0x55, 0x7B,
    0x6C, 0xB1, 0x51, 0x7A, 0x71, 0xB1, 0x4D, 0x79, 0x77, 0xB2, 0x48, 0x78, 0x7D, 0xB3, 0x43, 0x77,
    0x84, 0xB4, 0x3E, 0x75, 0x8A, 0xB5, 0x39, 0x74, 0x91, 0xB6, 0x34, 0x72, 0x98, 0xB7, 0x2F, 0x70,
    0x9F, 0xB8, 0x2A, 0x6E, 0xA6, 0xBA, 0x26, 0x6B, 0xAC, 0xBB, 0x23, 0x69, 0xB2, 0xBD, 0x1F, 0x66,
    0xB7, 0xBE, 0x1D, 0x63, 0xBC, 0xC0, 0x1A, 0x60, 0xC1, 0xC2, 0x18, 0x5D, 0xC5, 0xC4, 0x17, 0x59,
    0xC8, 0xC6, 0x15, 0x56, 0xCC, 0xC8, 0x14, 0x52, 0xCF, 0xCA, 0x13, 0x4E, 0xD1, 0xCC, 0x12, 0x4A,
    0xD3, 0xCE, 0x10, 0x45, 0xD5, 0xD0, 0x0F, 0x40, 0xD6, 0xD3, 0x0E, 0x3B, 0xD8, 0xD5, 0x0D, 0x36,
    0xD9, 0xD7, 0x0B, 0x31, 0xDA, 0xDA, 0x0A, 0x2B, 0xDA, 0xDC, 0x08, 0x24, 0xDB, 0xDF, 0x06, 0x1D,
    0xE2, 0xE1, 0x04, 0x16, 0xE1, 0xDE, 0x06, 0x1E, 0xE0, 0xDC, 0x07, 0x25, 0xDF, 0xDA, 0x09, 0x2B,
    0xDE, 0xD7, 0x0A, 0x30, 0xDD, 0xD5, 0x0C, 0x36, 0xDB, 0xD3, 0x0D, 0x3B, 0xD9, 0xD1, 0x0E, 0x40,
    0xD6, 0xCE, 0x0F, 0x44, 0xD4, 0xCC, 0x11, 0x48, 0xD0, 0xCA, 0x12, 0x4C, 0xCD, 0xC8, 0x13, 0x50,
    0xC9, 0xC7, 0x15, 0x54, 0xC5, 0xC5, 0x17, 0x57, 0xC0, 0xC3, 0x19, 0x5B, 0xBA, 0xC1, 0x1B, 0x5E,
    0xB5, 0xC0, 0x1E, 0x61, 0xAF, 0xBE, 0x21, 0x63, 0xA8, 0xBD, 0x25, 0x66, 0xA2, 0xBB, 0x29, 0x68,
    0x9B, 0xBA, 0x2D, 0x6B, 0x94, 0xB9, 0x31, 0x6D, 0x8D, 0xB8, 0x36, 0x6E, 0x86, 0xB7, 0x3B, 0x70,
    0x80, 0xB6, 0x40, 0x72, 0x7A, 0xB5, 0x44, 0x73, 0x74, 0xB5, 0x49, 0x74, 0x6F, 0xB4, 0x4D, 0x75,
    0x6B, 0xB4, 0x50, 0x76, 0x68, 0xB3, 0x53, 0x76, 0x66, 0xB3, 0x55, 0x77, 0x65, 0xB3, 0x56, 0x77,
    0x65, 0xB3, 0x56, 0x77, 0x66, 0xB3, 0x55, 0x77, 0x68, 0xB3, 0x53, 0x76, 0x6B, 0xB4, 0x50, 0x76,
    0x6F, 0xB4, 0x4D, 0x75, 0x74, 0xB5, 0x49, 0x74, 0x7A, 0xB5, 0x44, 0x73, 0x80, 0xB6, 0x40, 0x72,
    0x86, 0xB7, 0x3B, 0x70, 0x8D, 0xB8, 0x36, 0x6E, 0x94, 0xB9, 0x31, 0x6D, 0x9B, 0xBA, 0x2D, 0x6B,
    0xA2, 0xBB, 0x29, 0x68, 0xA8, 0xBD, 0x25, 0x66, 0xAF, 0xBE, 0x21, 0x63, 0xB5, 0xC0, 0x1E, 0x61,
    0xBA, 0xC1, 0x1B, 0x5E, 0xC0, 0xC3, 0x19, 0x5B, 0xC5, 0xC5, 0x17, 0x57, 0xC9, 0xC7, 0x15, 0x54,
    0xCD, 0xC8, 0x13, 0x50, 0xD0, 0xCA, 0x12, 0x4C, 0xD4, 0xCC, 0x11, 0x48, 0xD6, 0xCE, 0x0F, 0x44,
    0xD9, 0xD1, 0x0E, 0x40, 0xDB, 0xD3, 0x0D, 0x3B, 0xDD, 0xD5, 0x0C, 0x36, 0xDE, 0xD7, 0x0A, 0x30,
    0xDF, 0xDA, 0x09, 0x2B, 0xE0, 0xDC, 0x07, 0x25, 0xE1, 0xDE, 0x06, 0x1E, 0xE2, 0xE1, 0x04, 0x16,
    0xE9, 0xE3, 0x02, 0x0D, 0xE8, 0xE1, 0x03, 0x16, 0xE7, 0xDE, 0x05, 0x1E, 0xE6, 0xDC, 0x07, 0x24,
    0xE4, 0xDA, 0x08, 0x2A, 0xE2, 0xD8, 0x0A, 0x30, 0xE0, 0xD5, 0x0B, 0x35, 0xDE, 0xD3, 0x0C, 0x3A,
    0xDB, 0xD1, 0x0D, 0x3E, 0xD8, 0xCF, 0x0F, 0x43, 0xD5, 0xCD, 0x10, 0x47, 0xD1, 0xCB, 0x12, 0x4B,
    0xCD, 0xC9, 0x13, 0x4E, 0xC8, 0xC8, 0x15, 0x52, 0xC3, 0xC6, 0x17, 0x55, 0xBE, 0xC4, 0x1A, 0x58,
    0xB8, 0xC3, 0x1C, 0x5B, 0xB1, 0xC1, 0x20, 0x5E, 0xAB, 0xC0, 0x23, 0x60, 0xA4, 0xBE, 0x27, 0x63,
    0x9D, 0xBD, 0x2B, 0x65, 0x96, 0xBC, 0x2F, 0x67, 0x90, 0xBB, 0x33, 0x69, 0x89, 0xBA, 0x38, 0x6B,
    0x82, 0xB9, 0x3C, 0x6C, 0x7D, 0xB9, 0x40, 0x6D, 0x77, 0xB8, 0x44, 0x6E, 0x72, 0xB7, 0x48, 0x6F,
    0x6F, 0xB7, 0x4B, 0x70, 0x6B, 0xB7, 0x4D, 0x71, 0x69, 0xB6, 0x4F, 0x71, 0x68, 0xB6, 0x50, 0x71,
    0x68, 0xB6, 0x50, 0x71, 0x69, 0xB6, 0x4F, 0x71, 0x6B, 0xB7, 0x4D, 0x71, 0x6F, 0xB7, 0x4B, 0x70,
    0x72, 0xB7, 0x48, 0x6F, 0x77, 0xB8, 0x44, 0x6E, 0x7D, 0xB9, 0x40, 0x6D, 0x82, 0xB9, 0x3C, 0x6C,
    0x89, 0xBA, 0x38, 0x6B, 0x90, 0xBB, 0x33, 0x69, 0x96, 0xBC, 0x2F, 0x67, 0x9D, 0xBD, 0x2B, 0x65,
    0xA4, 0xBE, 0x27, 0x63, 0xAB, 0xC0, 0x23, 0x60, 0xB1, 0xC1, 0x20, 0x5E, 0xB8, 0xC3, 0x1C, 0x5B,
    0xBE, 0xC4, 0x1A, 0x58, 0xC3, 0xC6, 0x17, 0x55, 0xC8, 0xC8, 0x15, 0x52, 0xCD, 0xC9, 0x13, 0x4E,
    0xD1, 0xCB, 0x12, 0x4B, 0xD5, 0xCD, 0x10, 0x47, 0xD8, 0xCF, 0x0F, 0x43, 0xDB, 0xD1, 0x0D, 0x3E,
    0xDE, 0xD3, 0x0C, 0x3A, 0xE0, 0xD5, 0x0B, 0x35, 0xE2, 0xD8, 0x0A, 0x30, 0xE4, 0xDA, 0x08, 0x2A,
    0xE6, 0xDC, 0x07, 0x24, 0xE7, 0xDE, 0x05, 0x1E, 0xE8, 0xE1, 0x03, 0x16, 0xE9, 0xE3, 0x02, 0x0D,
    0xF0, 0xE6, 0x00, 0x00, 0xEF, 0xE3, 0x01, 0x0D, 0xED, 0xE1, 0x03, 0x16, 0xEC, 0xDF, 0x05, 0x1D,
    0xEA, 0xDC, 0x06, 0x24, 0xE8, 0xDA, 0x08, 0x29, 0xE6, 0xD8, 0x09, 0x2F, 0xE3, 0xD6, 0x0A, 0x34,
    0xE0, 0xD4, 0x0C, 0x39, 0xDD, 0xD2, 0x0D, 0x3D, 0xD9, 0xD0, 0x0E, 0x41, 0xD5, 0xCE, 0x10, 0x45,
    0xD1, 0xCC, 0x12, 0x49, 0xCC, 0xCB, 0x13, 0x4C, 0xC6, 0xC9, 0x16, 0x50, 0xC1, 0xC7, 0x18, 0x53,
    0xBB, 0xC6, 0x1B, 0x56, 0xB4, 0xC4, 0x1E, 0x58, 0xAE, 0xC3, 0x21, 0x5B, 0xA7, 0xC2, 0x24, 0x5D,
    0xA0, 0xC0, 0x28, 0x5F, 0x99, 0xBF, 0x2C, 0x61, 0x92, 0xBE, 0x30, 0x63, 0x8C, 0xBD, 0x34, 0x65,
    0x85, 0xBD, 0x38, 0x66, 0x7F, 0xBC, 0x3C, 0x68, 0x7A, 0xBB, 0x40, 0x69, 0x76, 0xBB, 0x43, 0x6A,
    0x72, 0xBA, 0x46, 0x6A, 0x6F, 0xBA, 0x48, 0x6B, 0x6D, 0xBA, 0x49, 0x6B, 0x6C, 0xBA, 0x4A, 0x6B,
    0x6C, 0xBA, 0x4A, 0x6B, 0x6D, 0xBA, 0x49, 0x6B, 0x6F, 0xBA, 0x48, 0x6B, 0x72, 0xBA, 0x46, 0x6A,
    0x76, 0xBB, 0x43, 0x6A, 0x7A, 0xBB, 0x40, 0x69, 0x7F, 0xBC, 0x3C, 0x68, 0x85, 0xBD, 0x38, 0x66,
    0x8C, 0xBD, 0x34, 0x65, 0x92, 0xBE, 0x30, 0x63, 0x99, 0xBF, 0x2C, 0x61, 0xA0, 0xC0, 0x28, 0x5F,
    0xA7, 0xC2, 0x24, 0x5D, 0xAE, 0xC3, 0x21, 0x5B, 0xB4, 0xC4, 0x1E, 0x58, 0xBB, 0xC6, 0x1B, 0x56,
    0xC1, 0xC7, 0x18, 0x53, 0xC6, 0xC9, 0x16, 0x50, 0xCC, 0xCB, 0x13, 0x4C, 0xD1, 0xCC, 0x12, 0x49,
    0xD5, 0xCE, 0x10, 0x45, 0xD9, 0xD0, 0x0E, 0x41, 0xDD, 0xD2, 0x0D, 0x3D, 0xE0, 0xD4, 0x0C, 0x39,
    0xE3, 0xD6, 0x0A, 0x34, 0xE6, 0xD8, 0x09, 0x2F, 0xE8, 0xDA, 0x08, 0x29, 0xEA, 0xDC, 0x06, 0x24,
    0xEC, 0xDF, 0x05, 0x1D, 0xED, 0xE1, 0x03, 0x16, 0xEF, 0xE3, 0x01, 0x0D, 0xF0, 0xE6, 0x00, 0x00,
};

const lv_image_dsc_t demo_sprite = {
    .header = {
        .magic = LV_IMAGE_HEADER_MAGIC,
        .cf = LV_COLOR_FORMAT_ARGB8888,
        .w = 64,
        .h = 64,
        .stride = 256,
    },
    .data_size = 16384,
    .data = demo_sprite_data,
};
